agent-0,1,random,421.0,329.0
agent-0,2,random,395.0,434.0
agent-0,3,random,269.0,283.0
agent-0,4,random,363.0,413.0
agent-0,5,random,401.0,363.0
agent-0,6,random,383.0,283.0
agent-0,7,random,278.0,359.0
agent-0,8,random,463.0,398.0
agent-0,9,random,430.0,358.0
agent-0,10,random,412.0,356.0
agent-0,11,random,353.0,354.0
agent-0,12,random,382.0,334.0
agent-0,13,random,408.0,295.0
agent-0,14,random,410.0,368.0
agent-0,15,random,439.0,408.0
agent-0,16,random,386.0,383.0
agent-0,17,random,435.0,330.0
agent-0,18,random,471.0,451.0
agent-0,19,random,342.0,305.0
agent-0,20,random,453.0,319.0
agent-0,21,random,329.0,333.0
agent-0,22,random,368.0,363.0
agent-0,23,random,358.0,387.0
agent-0,24,random,425.0,405.0
agent-0,25,random,459.0,473.0
agent-0,26,random,437.0,340.0
agent-0,27,random,449.0,392.0
agent-0,28,random,335.0,309.0
agent-0,29,random,328.0,247.0
agent-0,30,random,410.0,474.0
agent-0,31,random,514.0,432.0
agent-0,32,random,291.0,282.0
agent-0,33,random,370.0,369.0
agent-0,34,random,504.0,393.0
agent-0,35,random,459.0,464.0
agent-0,36,random,415.0,390.0
agent-0,37,random,235.0,378.0
agent-0,38,random,384.0,371.0
agent-0,39,random,419.0,294.0
agent-0,40,random,437.0,479.0
agent-0,41,random,338.0,346.0
agent-0,42,random,460.0,423.0
agent-0,43,random,346.0,300.0
agent-0,44,random,491.0,426.0
agent-0,45,random,426.0,357.0
agent-0,46,random,344.0,306.0
agent-0,47,random,404.0,417.0
agent-0,48,random,505.0,470.0
agent-0,49,random,403.0,356.0
agent-0,50,random,483.0,470.0
agent-0,51,random,340.0,307.0
agent-0,52,random,357.0,325.0
agent-0,53,random,451.0,423.0
agent-0,54,random,475.0,356.0
agent-0,55,random,321.0,273.0
agent-0,56,random,515.0,377.0
agent-0,57,random,468.0,277.0
agent-0,58,random,472.0,365.0
agent-0,59,random,439.0,311.0
agent-0,60,random,400.0,349.0
agent-0,61,random,434.0,372.0
agent-0,62,random,437.0,421.0
agent-0,63,random,446.0,334.0
agent-0,64,random,336.0,295.0
agent-0,65,random,223.0,286.0
agent-0,66,random,430.0,342.0
agent-0,67,random,513.0,319.0
agent-0,68,random,504.0,368.0
agent-0,69,random,444.0,375.0
agent-0,70,random,281.0,372.0
agent-0,71,random,449.0,306.0
agent-0,72,random,359.0,350.0
agent-0,73,random,375.0,347.0
agent-0,74,random,408.0,300.0
agent-0,75,random,419.0,365.0
agent-0,76,random,436.0,447.0
agent-0,77,random,353.0,330.0
agent-0,78,random,365.0,217.0
agent-0,79,random,366.0,292.0
agent-0,80,random,447.0,460.0
agent-0,81,random,490.0,424.0
agent-0,82,random,433.0,422.0
agent-0,83,random,335.0,374.0
agent-0,84,random,228.0,330.0
agent-0,85,random,444.0,401.0
agent-0,86,random,411.0,381.0
agent-0,87,random,406.0,407.0
agent-0,88,random,398.0,336.0
agent-0,89,random,459.0,394.0
agent-0,90,random,368.0,304.0
agent-0,91,random,419.0,431.0
agent-0,92,random,425.0,382.0
agent-0,93,random,370.0,294.0
agent-0,94,random,475.0,414.0
agent-0,95,random,482.0,345.0
agent-0,96,random,360.0,389.0
agent-0,97,random,403.0,297.0
agent-0,98,random,511.0,413.0
agent-0,99,random,439.0,416.0
agent-0,100,random,466.0,337.0
agent-0,101,random,350.0,264.0
agent-0,102,random,515.0,408.0
agent-0,103,random,340.0,270.0
agent-0,104,random,413.0,376.0
agent-0,105,random,334.0,335.0
agent-0,106,random,465.0,436.0
agent-0,107,random,378.0,379.0
agent-0,108,random,373.0,321.0
agent-0,109,random,330.0,298.0
agent-0,110,random,474.0,400.0
agent-0,111,random,351.0,300.0
agent-0,112,random,456.0,310.0
agent-0,113,random,423.0,317.0
agent-0,114,random,491.0,431.0
agent-0,115,random,453.0,393.0
agent-0,116,random,423.0,393.0
agent-0,117,random,490.0,487.0
agent-0,118,random,383.0,382.0
agent-0,119,random,401.0,359.0
agent-0,120,random,366.0,346.0
agent-0,121,random,411.0,378.0
agent-0,122,random,464.0,380.0
agent-0,123,random,431.0,276.0
agent-0,124,random,456.0,364.0
agent-0,125,random,391.0,455.0
agent-0,126,random,448.0,369.0
agent-0,127,random,372.0,369.0
agent-0,128,random,372.0,248.0
agent-0,129,random,441.0,378.0
agent-0,130,random,335.0,247.0
agent-0,131,random,459.0,471.0
agent-0,132,random,441.0,357.0
agent-0,133,random,394.0,389.0
agent-0,134,random,408.0,343.0
agent-0,135,random,421.0,409.0
agent-0,136,random,431.0,423.0
agent-0,137,random,349.0,402.0
agent-0,138,random,391.0,404.0
agent-0,139,random,329.0,431.0
agent-0,140,random,411.0,351.0
agent-0,141,random,354.0,275.0
agent-0,142,random,444.0,424.0
agent-0,143,random,414.0,363.0
agent-0,144,random,481.0,372.0
agent-0,145,random,426.0,381.0
agent-0,146,random,434.0,340.0
agent-0,147,random,465.0,383.0
agent-0,148,random,310.0,303.0
agent-0,149,random,445.0,266.0
agent-0,150,random,399.0,364.0
agent-0,151,random,490.0,395.0
agent-0,152,random,437.0,328.0
agent-0,153,random,480.0,373.0
agent-0,154,random,547.0,342.0
agent-0,155,random,416.0,294.0
agent-0,156,random,517.0,374.0
agent-0,157,random,421.0,422.0
agent-0,158,random,449.0,348.0
agent-0,159,random,378.0,318.0
agent-0,160,random,397.0,333.0
agent-0,161,random,456.0,449.0
agent-0,162,random,400.0,323.0
agent-0,163,random,386.0,357.0
agent-0,164,random,431.0,329.0
agent-0,165,random,391.0,388.0
agent-0,166,random,355.0,378.0
agent-0,167,random,444.0,313.0
agent-0,168,random,450.0,366.0
agent-0,169,random,458.0,401.0
agent-0,170,random,415.0,405.0
agent-0,171,random,450.0,365.0
agent-0,172,random,401.0,282.0
agent-0,173,random,433.0,390.0
agent-0,174,random,375.0,400.0
agent-0,175,random,312.0,340.0
agent-0,176,random,441.0,399.0
agent-0,177,random,435.0,377.0
agent-0,178,random,357.0,357.0
agent-0,179,random,459.0,385.0
agent-0,180,random,430.0,483.0
agent-0,181,random,464.0,312.0
agent-0,182,random,433.0,317.0
agent-0,183,random,466.0,374.0
agent-0,184,random,445.0,340.0
agent-0,185,random,391.0,296.0
agent-0,186,random,426.0,350.0
agent-0,187,random,407.0,376.0
agent-0,188,random,507.0,391.0
agent-0,189,random,348.0,209.0
agent-0,190,random,362.0,452.0
agent-0,191,random,393.0,314.0
agent-0,192,random,349.0,292.0
agent-0,193,random,458.0,393.0
agent-0,194,random,469.0,380.0
agent-0,195,random,421.0,274.0
agent-0,196,random,404.0,386.0
agent-0,197,random,413.0,367.0
agent-0,198,random,504.0,351.0
agent-0,199,random,313.0,324.0
agent-0,200,random,453.0,334.0
agent-0,201,random,436.0,373.0
agent-0,202,random,380.0,301.0
agent-0,203,random,382.0,358.0
agent-0,204,random,443.0,432.0
agent-0,205,random,387.0,391.0
agent-0,206,random,493.0,400.0
agent-0,207,random,378.0,366.0
agent-0,208,random,353.0,304.0
agent-0,209,random,346.0,307.0
agent-0,210,random,367.0,323.0
agent-0,211,random,390.0,377.0
agent-0,212,random,449.0,439.0
agent-0,213,random,331.0,316.0
agent-0,214,random,360.0,321.0
agent-0,215,random,466.0,397.0
agent-0,216,random,432.0,365.0
agent-0,217,random,459.0,392.0
agent-0,218,random,449.0,415.0
agent-0,219,random,444.0,306.0
agent-0,220,random,371.0,398.0
agent-0,221,random,356.0,329.0
agent-0,222,random,391.0,342.0
agent-0,223,random,376.0,363.0
agent-0,224,random,324.0,334.0
agent-0,225,random,340.0,270.0
agent-0,226,random,434.0,351.0
agent-0,227,random,435.0,307.0
agent-0,228,random,384.0,288.0
agent-0,229,random,381.0,382.0
agent-0,230,random,428.0,414.0
agent-0,231,random,392.0,285.0
agent-0,232,random,379.0,271.0
agent-0,233,random,393.0,396.0
agent-0,234,random,425.0,349.0
agent-0,235,random,425.0,396.0
agent-0,236,random,456.0,327.0
agent-0,237,random,502.0,346.0
agent-0,238,random,347.0,357.0
agent-0,239,random,404.0,337.0
agent-0,240,random,415.0,248.0
agent-0,241,random,345.0,410.0
agent-0,242,random,312.0,364.0
agent-0,243,random,339.0,381.0
agent-0,244,random,377.0,350.0
agent-0,245,random,396.0,413.0
agent-0,246,random,428.0,327.0
agent-0,247,random,463.0,371.0
agent-0,248,random,421.0,364.0
agent-0,249,random,457.0,352.0
agent-0,250,random,505.0,391.0
agent-0,251,random,373.0,459.0
agent-0,252,random,284.0,371.0
agent-0,253,random,419.0,459.0
agent-0,254,random,444.0,405.0
agent-0,255,random,410.0,251.0
agent-0,256,random,498.0,315.0
agent-0,257,random,343.0,296.0
agent-0,258,random,365.0,326.0
agent-0,259,random,425.0,326.0
agent-0,260,random,483.0,373.0
agent-0,261,random,460.0,386.0
agent-0,262,random,332.0,285.0
agent-0,263,random,301.0,412.0
agent-0,264,random,432.0,344.0
agent-0,265,random,460.0,407.0
agent-0,266,random,461.0,438.0
agent-0,267,random,426.0,377.0
agent-0,268,random,346.0,355.0
agent-0,269,random,481.0,399.0
agent-0,270,random,423.0,464.0
agent-0,271,random,309.0,281.0
agent-0,272,random,468.0,352.0
agent-0,273,random,443.0,419.0
agent-0,274,random,470.0,320.0
agent-0,275,random,389.0,287.0
agent-0,276,random,450.0,426.0
agent-0,277,random,429.0,307.0
agent-0,278,random,352.0,264.0
agent-0,279,random,426.0,379.0
agent-0,280,random,515.0,368.0
agent-0,281,random,409.0,431.0
agent-0,282,random,408.0,272.0
agent-0,283,random,506.0,422.0
agent-0,284,random,396.0,360.0
agent-0,285,random,392.0,337.0
agent-0,286,random,413.0,324.0
agent-0,287,random,459.0,370.0
agent-0,288,random,403.0,339.0
agent-0,289,random,367.0,372.0
agent-0,290,random,431.0,452.0
agent-0,291,random,373.0,397.0
agent-0,292,random,389.0,344.0
agent-0,293,random,452.0,387.0
agent-0,294,random,484.0,379.0
agent-0,295,random,535.0,443.0
agent-0,296,random,391.0,382.0
agent-0,297,random,432.0,318.0
agent-0,298,random,382.0,283.0
agent-0,299,random,412.0,407.0
agent-0,300,random,354.0,249.0
agent-0,301,random,474.0,369.0
agent-0,302,random,479.0,369.0
agent-0,303,random,441.0,416.0
agent-0,304,random,506.0,365.0
agent-0,305,random,419.0,274.0
agent-0,306,random,398.0,401.0
agent-0,307,random,391.0,396.0
agent-0,308,random,488.0,381.0
agent-0,309,random,369.0,324.0
agent-0,310,random,448.0,346.0
agent-0,311,random,413.0,341.0
agent-0,312,random,456.0,286.0
agent-0,313,random,372.0,395.0
agent-0,314,random,436.0,432.0
agent-0,315,random,317.0,302.0
agent-0,316,random,397.0,246.0
agent-0,317,random,413.0,314.0
agent-0,318,random,420.0,275.0
agent-0,319,random,450.0,349.0
agent-0,320,random,389.0,372.0
agent-0,321,random,468.0,387.0
agent-0,322,random,360.0,400.0
agent-0,323,random,320.0,447.0
agent-0,324,random,491.0,437.0
agent-0,325,random,444.0,279.0
agent-0,326,random,516.0,358.0
agent-0,327,random,498.0,348.0
agent-0,328,random,414.0,312.0
agent-0,329,random,328.0,368.0
agent-0,330,random,444.0,391.0
agent-0,331,random,427.0,400.0
agent-0,332,random,444.0,307.0
agent-0,333,random,370.0,223.0
agent-0,334,random,442.0,303.0
agent-0,335,random,459.0,433.0
agent-0,336,random,331.0,330.0
agent-0,337,random,391.0,345.0
agent-0,338,random,334.0,325.0
agent-0,339,random,406.0,424.0
agent-0,340,random,351.0,324.0
agent-0,341,random,430.0,384.0
agent-0,342,random,377.0,240.0
agent-0,343,random,476.0,354.0
agent-0,344,random,469.0,369.0
agent-0,345,random,430.0,346.0
agent-0,346,random,382.0,377.0
agent-0,347,random,377.0,440.0
agent-0,348,random,353.0,336.0
agent-0,349,random,387.0,374.0
agent-0,350,random,421.0,348.0
agent-0,351,random,446.0,355.0
agent-0,352,random,500.0,395.0
agent-0,353,random,427.0,404.0
agent-0,354,random,317.0,380.0
agent-0,355,random,499.0,396.0
agent-0,356,random,406.0,364.0
agent-0,357,random,518.0,340.0
agent-0,358,random,406.0,342.0
agent-0,359,random,302.0,428.0
agent-0,360,random,512.0,372.0
agent-0,361,random,429.0,415.0
agent-0,362,random,393.0,323.0
agent-0,363,random,438.0,327.0
agent-0,364,random,464.0,401.0
agent-0,365,random,394.0,345.0
agent-0,366,random,371.0,337.0
agent-0,367,random,384.0,420.0
agent-0,368,random,359.0,315.0
agent-0,369,random,405.0,325.0
agent-0,370,random,532.0,409.0
agent-0,371,random,463.0,333.0
agent-0,372,random,414.0,269.0
agent-0,373,random,496.0,418.0
agent-0,374,random,346.0,407.0
agent-0,375,random,381.0,417.0
agent-0,376,random,406.0,370.0
agent-0,377,random,470.0,499.0
agent-0,378,random,360.0,348.0
agent-0,379,random,423.0,362.0
agent-0,380,random,430.0,394.0
agent-0,381,random,467.0,429.0
agent-0,382,random,452.0,435.0
agent-0,383,random,386.0,381.0
agent-0,384,random,371.0,431.0
agent-0,385,random,389.0,374.0
agent-0,386,random,369.0,309.0
agent-0,387,random,395.0,356.0
agent-0,388,random,355.0,306.0
agent-0,389,random,427.0,316.0
agent-0,390,random,465.0,403.0
agent-0,391,random,493.0,446.0
agent-0,392,random,410.0,292.0
agent-0,393,random,472.0,395.0
agent-0,394,random,340.0,230.0
agent-0,395,random,434.0,409.0
agent-0,396,random,387.0,367.0
agent-0,397,random,287.0,401.0
agent-0,398,random,424.0,361.0
agent-0,399,random,315.0,412.0
agent-0,400,random,355.0,295.0
agent-0,401,random,350.0,319.0
agent-0,402,random,429.0,387.0
agent-0,403,random,398.0,414.0
agent-0,404,random,470.0,363.0
agent-0,405,random,441.0,380.0
agent-0,406,random,467.0,473.0
agent-0,407,random,371.0,435.0
agent-0,408,random,441.0,402.0
agent-0,409,random,434.0,439.0
agent-0,410,random,420.0,358.0
agent-0,411,random,528.0,425.0
agent-0,412,random,425.0,398.0
agent-0,413,random,460.0,386.0
agent-0,414,random,445.0,293.0
agent-0,415,random,362.0,320.0
agent-0,416,random,406.0,272.0
agent-0,417,random,465.0,363.0
agent-0,418,random,396.0,403.0
agent-0,419,random,408.0,295.0
agent-0,420,random,362.0,341.0
agent-0,421,random,577.0,399.0
agent-0,422,random,350.0,339.0
agent-0,423,random,338.0,361.0
agent-0,424,random,471.0,301.0
agent-0,425,random,413.0,356.0
agent-0,426,random,417.0,309.0
agent-0,427,random,448.0,297.0
agent-0,428,random,447.0,390.0
agent-0,429,random,417.0,452.0
agent-0,430,random,401.0,336.0
agent-0,431,random,411.0,375.0
agent-0,432,random,481.0,326.0
agent-0,433,random,370.0,348.0
agent-0,434,random,422.0,397.0
agent-0,435,random,353.0,362.0
agent-0,436,random,317.0,361.0
agent-0,437,random,360.0,350.0
agent-0,438,random,488.0,398.0
agent-0,439,random,434.0,327.0
agent-0,440,random,431.0,383.0
agent-0,441,random,405.0,418.0
agent-0,442,random,325.0,389.0
agent-0,443,random,444.0,328.0
agent-0,444,random,399.0,384.0
agent-0,445,random,376.0,387.0
agent-0,446,random,465.0,380.0
agent-0,447,random,387.0,356.0
agent-0,448,random,435.0,467.0
agent-0,449,random,304.0,293.0
agent-0,450,random,322.0,308.0
agent-0,451,random,467.0,392.0
agent-0,452,random,433.0,384.0
agent-0,453,random,381.0,296.0
agent-0,454,random,400.0,362.0
agent-0,455,random,382.0,358.0
agent-0,456,random,395.0,365.0
agent-0,457,random,407.0,430.0
agent-0,458,random,400.0,332.0
agent-0,459,random,481.0,426.0
agent-0,460,random,505.0,472.0
agent-0,461,random,345.0,453.0
agent-0,462,random,372.0,330.0
agent-0,463,random,422.0,383.0
agent-0,464,random,375.0,333.0
agent-0,465,random,353.0,278.0
agent-0,466,random,465.0,402.0
agent-0,467,random,417.0,399.0
agent-0,468,random,383.0,301.0
agent-0,469,random,480.0,394.0
agent-0,470,random,473.0,415.0
agent-0,471,random,391.0,313.0
agent-0,472,random,444.0,386.0
agent-0,473,random,397.0,311.0
agent-0,474,random,330.0,400.0
agent-0,475,random,391.0,330.0
agent-0,476,random,434.0,344.0
agent-0,477,random,398.0,390.0
agent-0,478,random,436.0,376.0
agent-0,479,random,362.0,329.0
agent-0,480,random,358.0,228.0
agent-0,481,random,441.0,363.0
agent-0,482,random,398.0,387.0
agent-0,483,random,428.0,419.0
agent-0,484,random,468.0,419.0
agent-0,485,random,372.0,322.0
agent-0,486,random,405.0,316.0
agent-0,487,random,400.0,293.0
agent-0,488,random,379.0,365.0
agent-0,489,random,449.0,309.0
agent-0,490,random,398.0,376.0
agent-0,491,random,370.0,361.0
agent-0,492,random,405.0,333.0
agent-0,493,random,452.0,434.0
agent-0,494,random,443.0,379.0
agent-0,495,random,483.0,400.0
agent-0,496,random,466.0,438.0
agent-0,497,random,502.0,349.0
agent-0,498,random,472.0,377.0
agent-0,499,random,420.0,390.0
agent-0,500,random,448.0,351.0
agent-1,1,random,454.0,435.0
agent-1,2,random,390.0,412.0
agent-1,3,random,272.0,306.0
agent-1,4,random,411.0,395.0
agent-1,5,random,364.0,295.0
agent-1,6,random,272.0,279.0
agent-1,7,random,472.0,370.0
agent-1,8,random,495.0,398.0
agent-1,9,random,466.0,413.0
agent-1,10,random,364.0,328.0
agent-1,11,random,494.0,373.0
agent-1,12,random,337.0,320.0
agent-1,13,random,485.0,423.0
agent-1,14,random,471.0,383.0
agent-1,15,random,385.0,359.0
agent-1,16,random,424.0,456.0
agent-1,17,random,486.0,468.0
agent-1,18,random,454.0,288.0
agent-1,19,random,456.0,348.0
agent-1,20,random,432.0,339.0
agent-1,21,random,432.0,337.0
agent-1,22,random,447.0,386.0
agent-1,23,random,285.0,326.0
agent-1,24,random,365.0,314.0
agent-1,25,random,407.0,304.0
agent-1,26,random,376.0,403.0
agent-1,27,random,390.0,380.0
agent-1,28,random,401.0,353.0
agent-1,29,random,445.0,436.0
agent-1,30,random,464.0,411.0
agent-1,31,random,523.0,408.0
agent-1,32,random,484.0,423.0
agent-1,33,random,340.0,467.0
agent-1,34,random,457.0,468.0
agent-1,35,random,468.0,496.0
agent-1,36,random,317.0,311.0
agent-1,37,random,411.0,442.0
agent-1,38,random,472.0,307.0
agent-1,39,random,455.0,439.0
agent-1,40,random,340.0,399.0
agent-1,41,random,363.0,384.0
agent-1,42,random,492.0,343.0
agent-1,43,random,416.0,384.0
agent-1,44,random,330.0,315.0
agent-1,45,random,335.0,424.0
agent-1,46,random,435.0,453.0
agent-1,47,random,289.0,419.0
agent-1,48,random,472.0,362.0
agent-1,49,random,388.0,316.0
agent-1,50,random,486.0,468.0
agent-1,51,random,382.0,377.0
agent-1,52,random,471.0,460.0
agent-1,53,random,414.0,464.0
agent-1,54,random,339.0,240.0
agent-1,55,random,403.0,446.0
agent-1,56,random,478.0,377.0
agent-1,57,random,386.0,398.0
agent-1,58,random,431.0,372.0
agent-1,59,random,449.0,327.0
agent-1,60,random,351.0,399.0
agent-1,61,random,428.0,437.0
agent-1,62,random,394.0,331.0
agent-1,63,random,420.0,461.0
agent-1,64,random,470.0,381.0
agent-1,65,random,365.0,380.0
agent-1,66,random,432.0,340.0
agent-1,67,random,319.0,297.0
agent-1,68,random,346.0,410.0
agent-1,69,random,397.0,303.0
agent-1,70,random,479.0,396.0
agent-1,71,random,386.0,307.0
agent-1,72,random,450.0,380.0
agent-1,73,random,383.0,367.0
agent-1,74,random,405.0,437.0
agent-1,75,random,407.0,345.0
agent-1,76,random,388.0,372.0
agent-1,77,random,409.0,332.0
agent-1,78,random,394.0,392.0
agent-1,79,random,474.0,455.0
agent-1,80,random,426.0,326.0
agent-1,81,random,250.0,245.0
agent-1,82,random,392.0,404.0
agent-1,83,random,339.0,368.0
agent-1,84,random,518.0,486.0
agent-1,85,random,445.0,442.0
agent-1,86,random,355.0,407.0
agent-1,87,random,376.0,332.0
agent-1,88,random,468.0,391.0
agent-1,89,random,428.0,204.0
agent-1,90,random,430.0,374.0
agent-1,91,random,420.0,447.0
agent-1,92,random,391.0,363.0
agent-1,93,random,427.0,393.0
agent-1,94,random,406.0,370.0
agent-1,95,random,400.0,328.0
agent-1,96,random,518.0,345.0
agent-1,97,random,310.0,328.0
agent-1,98,random,399.0,376.0
agent-1,99,random,344.0,327.0
agent-1,100,random,456.0,385.0
agent-1,101,random,425.0,309.0
agent-1,102,random,371.0,296.0
agent-1,103,random,375.0,383.0
agent-1,104,random,385.0,382.0
agent-1,105,random,410.0,358.0
agent-1,106,random,357.0,382.0
agent-1,107,random,261.0,193.0
agent-1,108,random,375.0,441.0
agent-1,109,random,474.0,503.0
agent-1,110,random,419.0,430.0
agent-1,111,random,416.0,344.0
agent-1,112,random,476.0,398.0
agent-1,113,random,364.0,329.0
agent-1,114,random,404.0,389.0
agent-1,115,random,446.0,417.0
agent-1,116,random,322.0,250.0
agent-1,117,random,480.0,479.0
agent-1,118,random,407.0,400.0
agent-1,119,random,424.0,471.0
agent-1,120,random,405.0,345.0
agent-1,121,random,348.0,384.0
agent-1,122,random,412.0,439.0
agent-1,123,random,434.0,357.0
agent-1,124,random,439.0,438.0
agent-1,125,random,476.0,422.0
agent-1,126,random,380.0,442.0
agent-1,127,random,444.0,296.0
agent-1,128,random,472.0,446.0
agent-1,129,random,376.0,345.0
agent-1,130,random,451.0,391.0
agent-1,131,random,467.0,452.0
agent-1,132,random,420.0,375.0
agent-1,133,random,307.0,395.0
agent-1,134,random,379.0,364.0
agent-1,135,random,373.0,320.0
agent-1,136,random,338.0,203.0
agent-1,137,random,478.0,401.0
agent-1,138,random,253.0,306.0
agent-1,139,random,434.0,441.0
agent-1,140,random,505.0,357.0
agent-1,141,random,471.0,396.0
agent-1,142,random,360.0,365.0
agent-1,143,random,478.0,331.0
agent-1,144,random,253.0,281.0
agent-1,145,random,422.0,397.0
agent-1,146,random,372.0,385.0
agent-1,147,random,457.0,430.0
agent-1,148,random,427.0,350.0
agent-1,149,random,402.0,426.0
agent-1,150,random,370.0,280.0
agent-1,151,random,317.0,313.0
agent-1,152,random,298.0,334.0
agent-1,153,random,566.0,482.0
agent-1,154,random,392.0,313.0
agent-1,155,random,350.0,344.0
agent-1,156,random,394.0,442.0
agent-1,157,random,353.0,340.0
agent-1,158,random,416.0,373.0
agent-1,159,random,470.0,351.0
agent-1,160,random,437.0,416.0
agent-1,161,random,450.0,407.0
agent-1,162,random,328.0,339.0
agent-1,163,random,329.0,275.0
agent-1,164,random,515.0,440.0
agent-1,165,random,315.0,328.0
agent-1,166,random,469.0,347.0
agent-1,167,random,408.0,345.0
agent-1,168,random,286.0,439.0
agent-1,169,random,361.0,288.0
agent-1,170,random,382.0,360.0
agent-1,171,random,404.0,415.0
agent-1,172,random,517.0,466.0
agent-1,173,random,426.0,430.0
agent-1,174,random,458.0,518.0
agent-1,175,random,467.0,386.0
agent-1,176,random,453.0,438.0
agent-1,177,random,419.0,358.0
agent-1,178,random,406.0,399.0
agent-1,179,random,369.0,377.0
agent-1,180,random,361.0,444.0
agent-1,181,random,461.0,387.0
agent-1,182,random,374.0,381.0
agent-1,183,random,494.0,470.0
agent-1,184,random,480.0,450.0
agent-1,185,random,378.0,377.0
agent-1,186,random,426.0,342.0
agent-1,187,random,346.0,321.0
agent-1,188,random,485.0,403.0
agent-1,189,random,372.0,416.0
agent-1,190,random,382.0,339.0
agent-1,191,random,354.0,287.0
agent-1,192,random,316.0,356.0
agent-1,193,random,417.0,332.0
agent-1,194,random,433.0,484.0
agent-1,195,random,485.0,419.0
agent-1,196,random,458.0,355.0
agent-1,197,random,374.0,365.0
agent-1,198,random,456.0,455.0
agent-1,199,random,376.0,376.0
agent-1,200,random,421.0,423.0
agent-1,201,random,467.0,326.0
agent-1,202,random,463.0,324.0
agent-1,203,random,377.0,358.0
agent-1,204,random,376.0,362.0
agent-1,205,random,384.0,365.0
agent-1,206,random,392.0,331.0
agent-1,207,random,366.0,336.0
agent-1,208,random,460.0,418.0
agent-1,209,random,391.0,401.0
agent-1,210,random,376.0,360.0
agent-1,211,random,373.0,356.0
agent-1,212,random,364.0,366.0
agent-1,213,random,388.0,268.0
agent-1,214,random,363.0,401.0
agent-1,215,random,382.0,339.0
agent-1,216,random,481.0,339.0
agent-1,217,random,311.0,320.0
agent-1,218,random,430.0,314.0
agent-1,219,random,357.0,374.0
agent-1,220,random,392.0,408.0
agent-1,221,random,333.0,345.0
agent-1,222,random,489.0,469.0
agent-1,223,random,422.0,412.0
agent-1,224,random,456.0,348.0
agent-1,225,random,467.0,420.0
agent-1,226,random,428.0,438.0
agent-1,227,random,323.0,351.0
agent-1,228,random,332.0,372.0
agent-1,229,random,468.0,340.0
agent-1,230,random,405.0,356.0
agent-1,231,random,342.0,274.0
agent-1,232,random,494.0,451.0
agent-1,233,random,524.0,465.0
agent-1,234,random,382.0,387.0
agent-1,235,random,425.0,387.0
agent-1,236,random,352.0,366.0
agent-1,237,random,459.0,390.0
agent-1,238,random,378.0,395.0
agent-1,239,random,423.0,373.0
agent-1,240,random,434.0,294.0
agent-1,241,random,495.0,366.0
agent-1,242,random,380.0,341.0
agent-1,243,random,446.0,390.0
agent-1,244,random,432.0,443.0
agent-1,245,random,405.0,361.0
agent-1,246,random,467.0,281.0
agent-1,247,random,348.0,434.0
agent-1,248,random,531.0,456.0
agent-1,249,random,437.0,439.0
agent-1,250,random,396.0,387.0
agent-1,251,random,385.0,317.0
agent-1,252,random,406.0,424.0
agent-1,253,random,386.0,404.0
agent-1,254,random,326.0,349.0
agent-1,255,random,368.0,332.0
agent-1,256,random,479.0,392.0
agent-1,257,random,407.0,446.0
agent-1,258,random,395.0,424.0
agent-1,259,random,491.0,411.0
agent-1,260,random,439.0,358.0
agent-1,261,random,505.0,410.0
agent-1,262,random,305.0,330.0
agent-1,263,random,382.0,444.0
agent-1,264,random,400.0,384.0
agent-1,265,random,415.0,384.0
agent-1,266,random,393.0,400.0
agent-1,267,random,399.0,350.0
agent-1,268,random,357.0,300.0
agent-1,269,random,351.0,378.0
agent-1,270,random,322.0,349.0
agent-1,271,random,385.0,435.0
agent-1,272,random,380.0,332.0
agent-1,273,random,486.0,379.0
agent-1,274,random,355.0,333.0
agent-1,275,random,404.0,362.0
agent-1,276,random,387.0,348.0
agent-1,277,random,452.0,387.0
agent-1,278,random,429.0,421.0
agent-1,279,random,413.0,393.0
agent-1,280,random,355.0,379.0
agent-1,281,random,432.0,320.0
agent-1,282,random,316.0,300.0
agent-1,283,random,347.0,375.0
agent-1,284,random,406.0,381.0
agent-1,285,random,429.0,444.0
agent-1,286,random,381.0,436.0
agent-1,287,random,405.0,341.0
agent-1,288,random,491.0,460.0
agent-1,289,random,461.0,322.0
agent-1,290,random,440.0,363.0
agent-1,291,random,456.0,312.0
agent-1,292,random,442.0,306.0
agent-1,293,random,414.0,389.0
agent-1,294,random,406.0,334.0
agent-1,295,random,481.0,420.0
agent-1,296,random,336.0,336.0
agent-1,297,random,424.0,339.0
agent-1,298,random,485.0,377.0
agent-1,299,random,497.0,398.0
agent-1,300,random,474.0,484.0
agent-1,301,random,494.0,470.0
agent-1,302,random,565.0,453.0
agent-1,303,random,404.0,418.0
agent-1,304,random,498.0,368.0
agent-1,305,random,332.0,383.0
agent-1,306,random,411.0,308.0
agent-1,307,random,472.0,470.0
agent-1,308,random,392.0,329.0
agent-1,309,random,327.0,333.0
agent-1,310,random,408.0,385.0
agent-1,311,random,440.0,407.0
agent-1,312,random,426.0,391.0
agent-1,313,random,434.0,391.0
agent-1,314,random,327.0,338.0
agent-1,315,random,451.0,327.0
agent-1,316,random,357.0,355.0
agent-1,317,random,431.0,333.0
agent-1,318,random,350.0,316.0
agent-1,319,random,376.0,348.0
agent-1,320,random,410.0,356.0
agent-1,321,random,433.0,339.0
agent-1,322,random,480.0,427.0
agent-1,323,random,424.0,306.0
agent-1,324,random,511.0,371.0
agent-1,325,random,469.0,383.0
agent-1,326,random,415.0,331.0
agent-1,327,random,356.0,379.0
agent-1,328,random,433.0,428.0
agent-1,329,random,482.0,357.0
agent-1,330,random,445.0,425.0
agent-1,331,random,495.0,438.0
agent-1,332,random,393.0,385.0
agent-1,333,random,407.0,375.0
agent-1,334,random,427.0,376.0
agent-1,335,random,348.0,328.0
agent-1,336,random,443.0,395.0
agent-1,337,random,387.0,437.0
agent-1,338,random,445.0,449.0
agent-1,339,random,419.0,423.0
agent-1,340,random,510.0,401.0
agent-1,341,random,352.0,464.0
agent-1,342,random,361.0,285.0
agent-1,343,random,444.0,383.0
agent-1,344,random,491.0,443.0
agent-1,345,random,426.0,393.0
agent-1,346,random,332.0,270.0
agent-1,347,random,462.0,265.0
agent-1,348,random,390.0,410.0
agent-1,349,random,472.0,342.0
agent-1,350,random,435.0,431.0
agent-1,351,random,449.0,391.0
agent-1,352,random,355.0,378.0
agent-1,353,random,391.0,258.0
agent-1,354,random,356.0,373.0
agent-1,355,random,353.0,200.0
agent-1,356,random,439.0,400.0
agent-1,357,random,482.0,362.0
agent-1,358,random,509.0,408.0
agent-1,359,random,412.0,296.0
agent-1,360,random,348.0,335.0
agent-1,361,random,304.0,288.0
agent-1,362,random,401.0,343.0
agent-1,363,random,385.0,380.0
agent-1,364,random,453.0,304.0
agent-1,365,random,441.0,383.0
agent-1,366,random,439.0,376.0
agent-1,367,random,342.0,332.0
agent-1,368,random,505.0,465.0
agent-1,369,random,396.0,275.0
agent-1,370,random,495.0,463.0
agent-1,371,random,368.0,381.0
agent-1,372,random,531.0,497.0
agent-1,373,random,362.0,431.0
agent-1,374,random,505.0,409.0
agent-1,375,random,413.0,392.0
agent-1,376,random,379.0,417.0
agent-1,377,random,427.0,327.0
agent-1,378,random,407.0,325.0
agent-1,379,random,381.0,337.0
agent-1,380,random,385.0,401.0
agent-1,381,random,378.0,359.0
agent-1,382,random,492.0,376.0
agent-1,383,random,380.0,275.0
agent-1,384,random,352.0,380.0
agent-1,385,random,452.0,423.0
agent-1,386,random,255.0,374.0
agent-1,387,random,239.0,226.0
agent-1,388,random,482.0,442.0
agent-1,389,random,375.0,341.0
agent-1,390,random,351.0,345.0
agent-1,391,random,386.0,248.0
agent-1,392,random,441.0,353.0
agent-1,393,random,280.0,381.0
agent-1,394,random,440.0,362.0
agent-1,395,random,281.0,342.0
agent-1,396,random,440.0,432.0
agent-1,397,random,427.0,416.0
agent-1,398,random,419.0,397.0
agent-1,399,random,422.0,328.0
agent-1,400,random,402.0,347.0
agent-1,401,random,502.0,449.0
agent-1,402,random,461.0,455.0
agent-1,403,random,408.0,375.0
agent-1,404,random,369.0,454.0
agent-1,405,random,424.0,302.0
agent-1,406,random,401.0,377.0
agent-1,407,random,395.0,347.0
agent-1,408,random,365.0,365.0
agent-1,409,random,449.0,330.0
agent-1,410,random,439.0,348.0
agent-1,411,random,501.0,432.0
agent-1,412,random,499.0,454.0
agent-1,413,random,366.0,338.0
agent-1,414,random,437.0,421.0
agent-1,415,random,512.0,369.0
agent-1,416,random,397.0,383.0
agent-1,417,random,370.0,378.0
agent-1,418,random,378.0,316.0
agent-1,419,random,289.0,257.0
agent-1,420,random,437.0,498.0
agent-1,421,random,464.0,320.0
agent-1,422,random,422.0,291.0
agent-1,423,random,381.0,415.0
agent-1,424,random,319.0,414.0
agent-1,425,random,479.0,351.0
agent-1,426,random,389.0,435.0
agent-1,427,random,318.0,323.0
agent-1,428,random,468.0,386.0
agent-1,429,random,346.0,357.0
agent-1,430,random,445.0,485.0
agent-1,431,random,316.0,396.0
agent-1,432,random,328.0,354.0
agent-1,433,random,390.0,376.0
agent-1,434,random,354.0,252.0
agent-1,435,random,353.0,292.0
agent-1,436,random,482.0,388.0
agent-1,437,random,382.0,354.0
agent-1,438,random,555.0,444.0
agent-1,439,random,378.0,313.0
agent-1,440,random,353.0,274.0
agent-1,441,random,448.0,332.0
agent-1,442,random,512.0,402.0
agent-1,443,random,367.0,344.0
agent-1,444,random,444.0,408.0
agent-1,445,random,334.0,313.0
agent-1,446,random,414.0,420.0
agent-1,447,random,442.0,324.0
agent-1,448,random,388.0,351.0
agent-1,449,random,482.0,344.0
agent-1,450,random,293.0,253.0
agent-1,451,random,419.0,319.0
agent-1,452,random,379.0,413.0
agent-1,453,random,329.0,269.0
agent-1,454,random,482.0,521.0
agent-1,455,random,394.0,422.0
agent-1,456,random,390.0,392.0
agent-1,457,random,457.0,486.0
agent-1,458,random,268.0,346.0
agent-1,459,random,339.0,457.0
agent-1,460,random,340.0,362.0
agent-1,461,random,415.0,352.0
agent-1,462,random,413.0,422.0
agent-1,463,random,347.0,284.0
agent-1,464,random,274.0,287.0
agent-1,465,random,288.0,431.0
agent-1,466,random,348.0,420.0
agent-1,467,random,412.0,443.0
agent-1,468,random,451.0,506.0
agent-1,469,random,290.0,380.0
agent-1,470,random,439.0,278.0
agent-1,471,random,444.0,355.0
agent-1,472,random,475.0,370.0
agent-1,473,random,372.0,403.0
agent-1,474,random,412.0,310.0
agent-1,475,random,453.0,417.0
agent-1,476,random,361.0,377.0
agent-1,477,random,378.0,404.0
agent-1,478,random,469.0,420.0
agent-1,479,random,416.0,412.0
agent-1,480,random,442.0,407.0
agent-1,481,random,342.0,349.0
agent-1,482,random,384.0,362.0
agent-1,483,random,387.0,377.0
agent-1,484,random,373.0,419.0
agent-1,485,random,355.0,357.0
agent-1,486,random,328.0,412.0
agent-1,487,random,414.0,431.0
agent-1,488,random,402.0,321.0
agent-1,489,random,431.0,425.0
agent-1,490,random,411.0,350.0
agent-1,491,random,423.0,394.0
agent-1,492,random,296.0,275.0
agent-1,493,random,419.0,421.0
agent-1,494,random,380.0,221.0
agent-1,495,random,429.0,471.0
agent-1,496,random,469.0,364.0
agent-1,497,random,454.0,472.0
agent-1,498,random,508.0,423.0
agent-1,499,random,401.0,417.0
agent-1,500,random,441.0,326.0
agent-2,1,random,427.0,369.0
agent-2,2,random,473.0,305.0
agent-2,3,random,347.0,331.0
agent-2,4,random,370.0,324.0
agent-2,5,random,430.0,430.0
agent-2,6,random,477.0,400.0
agent-2,7,random,346.0,354.0
agent-2,8,random,369.0,393.0
agent-2,9,random,399.0,290.0
agent-2,10,random,425.0,304.0
agent-2,11,random,402.0,383.0
agent-2,12,random,479.0,361.0
agent-2,13,random,535.0,381.0
agent-2,14,random,338.0,333.0
agent-2,15,random,530.0,430.0
agent-2,16,random,432.0,333.0
agent-2,17,random,452.0,377.0
agent-2,18,random,441.0,408.0
agent-2,19,random,394.0,274.0
agent-2,20,random,427.0,347.0
agent-2,21,random,404.0,370.0
agent-2,22,random,397.0,376.0
agent-2,23,random,529.0,430.0
agent-2,24,random,365.0,320.0
agent-2,25,random,463.0,432.0
agent-2,26,random,317.0,283.0
agent-2,27,random,502.0,493.0
agent-2,28,random,399.0,399.0
agent-2,29,random,447.0,419.0
agent-2,30,random,347.0,361.0
agent-2,31,random,399.0,444.0
agent-2,32,random,340.0,324.0
agent-2,33,random,431.0,363.0
agent-2,34,random,471.0,394.0
agent-2,35,random,394.0,419.0
agent-2,36,random,451.0,415.0
agent-2,37,random,286.0,343.0
agent-2,38,random,467.0,342.0
agent-2,39,random,396.0,384.0
agent-2,40,random,451.0,453.0
agent-2,41,random,394.0,433.0
agent-2,42,random,411.0,366.0
agent-2,43,random,399.0,392.0
agent-2,44,random,386.0,309.0
agent-2,45,random,420.0,307.0
agent-2,46,random,453.0,342.0
agent-2,47,random,416.0,403.0
agent-2,48,random,464.0,423.0
agent-2,49,random,517.0,532.0
agent-2,50,random,443.0,480.0
agent-2,51,random,454.0,446.0
agent-2,52,random,388.0,385.0
agent-2,53,random,419.0,407.0
agent-2,54,random,473.0,420.0
agent-2,55,random,331.0,455.0
agent-2,56,random,455.0,450.0
agent-2,57,random,396.0,293.0
agent-2,58,random,352.0,333.0
agent-2,59,random,403.0,468.0
agent-2,60,random,368.0,426.0
agent-2,61,random,377.0,308.0
agent-2,62,random,476.0,391.0
agent-2,63,random,434.0,320.0
agent-2,64,random,231.0,355.0
agent-2,65,random,476.0,392.0
agent-2,66,random,475.0,388.0
agent-2,67,random,293.0,322.0
agent-2,68,random,481.0,409.0
agent-2,69,random,302.0,295.0
agent-2,70,random,397.0,381.0
agent-2,71,random,280.0,313.0
agent-2,72,random,392.0,348.0
agent-2,73,random,437.0,350.0
agent-2,74,random,397.0,419.0
agent-2,75,random,464.0,284.0
agent-2,76,random,413.0,357.0
agent-2,77,random,396.0,397.0
agent-2,78,random,405.0,354.0
agent-2,79,random,449.0,414.0
agent-2,80,random,371.0,365.0
agent-2,81,random,473.0,402.0
agent-2,82,random,393.0,424.0
agent-2,83,random,417.0,380.0
agent-2,84,random,371.0,387.0
agent-2,85,random,432.0,459.0
agent-2,86,random,445.0,400.0
agent-2,87,random,441.0,426.0
agent-2,88,random,397.0,375.0
agent-2,89,random,424.0,350.0
agent-2,90,random,367.0,346.0
agent-2,91,random,471.0,374.0
agent-2,92,random,493.0,378.0
agent-2,93,random,486.0,374.0
agent-2,94,random,351.0,395.0
agent-2,95,random,318.0,298.0
agent-2,96,random,453.0,384.0
agent-2,97,random,339.0,369.0
agent-2,98,random,342.0,282.0
agent-2,99,random,437.0,258.0
agent-2,100,random,444.0,463.0
agent-2,101,random,468.0,437.0
agent-2,102,random,383.0,334.0
agent-2,103,random,323.0,458.0
agent-2,104,random,369.0,248.0
agent-2,105,random,292.0,306.0
agent-2,106,random,334.0,372.0
agent-2,107,random,420.0,339.0
agent-2,108,random,290.0,386.0
agent-2,109,random,485.0,452.0
agent-2,110,random,440.0,254.0
agent-2,111,random,394.0,414.0
agent-2,112,random,371.0,286.0
agent-2,113,random,430.0,401.0
agent-2,114,random,432.0,425.0
agent-2,115,random,419.0,376.0
agent-2,116,random,461.0,463.0
agent-2,117,random,434.0,412.0
agent-2,118,random,327.0,427.0
agent-2,119,random,430.0,325.0
agent-2,120,random,468.0,453.0
agent-2,121,random,413.0,370.0
agent-2,122,random,345.0,283.0
agent-2,123,random,344.0,388.0
agent-2,124,random,361.0,420.0
agent-2,125,random,490.0,414.0
agent-2,126,random,362.0,362.0
agent-2,127,random,434.0,388.0
agent-2,128,random,435.0,301.0
agent-2,129,random,364.0,318.0
agent-2,130,random,434.0,467.0
agent-2,131,random,338.0,265.0
agent-2,132,random,441.0,382.0
agent-2,133,random,401.0,385.0
agent-2,134,random,392.0,402.0
agent-2,135,random,364.0,407.0
agent-2,136,random,406.0,428.0
agent-2,137,random,353.0,227.0
agent-2,138,random,438.0,354.0
agent-2,139,random,434.0,417.0
agent-2,140,random,452.0,341.0
agent-2,141,random,436.0,393.0
agent-2,142,random,482.0,401.0
agent-2,143,random,385.0,343.0
agent-2,144,random,425.0,410.0
agent-2,145,random,301.0,273.0
agent-2,146,random,436.0,359.0
agent-2,147,random,359.0,366.0
agent-2,148,random,351.0,362.0
agent-2,149,random,315.0,365.0
agent-2,150,random,280.0,395.0
agent-2,151,random,496.0,419.0
agent-2,152,random,428.0,387.0
agent-2,153,random,352.0,410.0
agent-2,154,random,346.0,441.0
agent-2,155,random,415.0,384.0
agent-2,156,random,376.0,330.0
agent-2,157,random,449.0,424.0
agent-2,158,random,392.0,355.0
agent-2,159,random,451.0,436.0
agent-2,160,random,331.0,327.0
agent-2,161,random,441.0,505.0
agent-2,162,random,351.0,356.0
agent-2,163,random,359.0,306.0
agent-2,164,random,387.0,391.0
agent-2,165,random,406.0,378.0
agent-2,166,random,334.0,318.0
agent-2,167,random,336.0,394.0
agent-2,168,random,442.0,397.0
agent-2,169,random,413.0,343.0
agent-2,170,random,417.0,324.0
agent-2,171,random,337.0,385.0
agent-2,172,random,393.0,367.0
agent-2,173,random,407.0,321.0
agent-2,174,random,409.0,246.0
agent-2,175,random,307.0,404.0
agent-2,176,random,471.0,383.0
agent-2,177,random,277.0,294.0
agent-2,178,random,357.0,358.0
agent-2,179,random,499.0,369.0
agent-2,180,random,404.0,293.0
agent-2,181,random,410.0,414.0
agent-2,182,random,436.0,396.0
agent-2,183,random,356.0,393.0
agent-2,184,random,479.0,441.0
agent-2,185,random,448.0,427.0
agent-2,186,random,466.0,389.0
agent-2,187,random,355.0,443.0
agent-2,188,random,352.0,329.0
agent-2,189,random,291.0,313.0
agent-2,190,random,366.0,379.0
agent-2,191,random,264.0,330.0
agent-2,192,random,388.0,376.0
agent-2,193,random,372.0,299.0
agent-2,194,random,405.0,367.0
agent-2,195,random,388.0,427.0
agent-2,196,random,420.0,417.0
agent-2,197,random,441.0,398.0
agent-2,198,random,400.0,365.0
agent-2,199,random,462.0,390.0
agent-2,200,random,333.0,254.0
agent-2,201,random,306.0,353.0
agent-2,202,random,345.0,342.0
agent-2,203,random,437.0,325.0
agent-2,204,random,435.0,386.0
agent-2,205,random,371.0,424.0
agent-2,206,random,501.0,449.0
agent-2,207,random,504.0,450.0
agent-2,208,random,432.0,383.0
agent-2,209,random,293.0,341.0
agent-2,210,random,443.0,300.0
agent-2,211,random,429.0,413.0
agent-2,212,random,447.0,381.0
agent-2,213,random,385.0,424.0
agent-2,214,random,455.0,311.0
agent-2,215,random,426.0,386.0
agent-2,216,random,366.0,397.0
agent-2,217,random,529.0,463.0
agent-2,218,random,383.0,299.0
agent-2,219,random,366.0,408.0
agent-2,220,random,435.0,321.0
agent-2,221,random,326.0,246.0
agent-2,222,random,240.0,369.0
agent-2,223,random,301.0,441.0
agent-2,224,random,342.0,315.0
agent-2,225,random,395.0,336.0
agent-2,226,random,419.0,361.0
agent-2,227,random,411.0,356.0
agent-2,228,random,412.0,402.0
agent-2,229,random,382.0,435.0
agent-2,230,random,332.0,330.0
agent-2,231,random,399.0,321.0
agent-2,232,random,437.0,399.0
agent-2,233,random,419.0,378.0
agent-2,234,random,358.0,318.0
agent-2,235,random,356.0,415.0
agent-2,236,random,410.0,350.0
agent-2,237,random,361.0,256.0
agent-2,238,random,353.0,383.0
agent-2,239,random,391.0,343.0
agent-2,240,random,403.0,315.0
agent-2,241,random,400.0,328.0
agent-2,242,random,340.0,309.0
agent-2,243,random,354.0,333.0
agent-2,244,random,358.0,352.0
agent-2,245,random,434.0,435.0
agent-2,246,random,390.0,414.0
agent-2,247,random,425.0,310.0
agent-2,248,random,399.0,450.0
agent-2,249,random,383.0,375.0
agent-2,250,random,393.0,431.0
agent-2,251,random,483.0,472.0
agent-2,252,random,386.0,329.0
agent-2,253,random,413.0,356.0
agent-2,254,random,405.0,440.0
agent-2,255,random,370.0,291.0
agent-2,256,random,437.0,411.0
agent-2,257,random,387.0,449.0
agent-2,258,random,388.0,312.0
agent-2,259,random,385.0,390.0
agent-2,260,random,457.0,511.0
agent-2,261,random,494.0,450.0
agent-2,262,random,392.0,363.0
agent-2,263,random,407.0,363.0
agent-2,264,random,334.0,341.0
agent-2,265,random,403.0,368.0
agent-2,266,random,357.0,396.0
agent-2,267,random,375.0,375.0
agent-2,268,random,342.0,291.0
agent-2,269,random,464.0,307.0
agent-2,270,random,441.0,314.0
agent-2,271,random,272.0,238.0
agent-2,272,random,369.0,240.0
agent-2,273,random,483.0,305.0
agent-2,274,random,471.0,396.0
agent-2,275,random,402.0,344.0
agent-2,276,random,483.0,483.0
agent-2,277,random,421.0,404.0
agent-2,278,random,422.0,429.0
agent-2,279,random,356.0,285.0
agent-2,280,random,332.0,485.0
agent-2,281,random,386.0,455.0
agent-2,282,random,396.0,375.0
agent-2,283,random,443.0,474.0
agent-2,284,random,417.0,414.0
agent-2,285,random,357.0,333.0
agent-2,286,random,426.0,505.0
agent-2,287,random,368.0,325.0
agent-2,288,random,326.0,332.0
agent-2,289,random,440.0,407.0
agent-2,290,random,497.0,433.0
agent-2,291,random,358.0,333.0
agent-2,292,random,382.0,411.0
agent-2,293,random,381.0,350.0
agent-2,294,random,370.0,379.0
agent-2,295,random,451.0,382.0
agent-2,296,random,421.0,460.0
agent-2,297,random,415.0,322.0
agent-2,298,random,362.0,327.0
agent-2,299,random,423.0,409.0
agent-2,300,random,393.0,362.0
agent-2,301,random,418.0,331.0
agent-2,302,random,348.0,351.0
agent-2,303,random,326.0,282.0
agent-2,304,random,335.0,338.0
agent-2,305,random,402.0,393.0
agent-2,306,random,418.0,291.0
agent-2,307,random,325.0,361.0
agent-2,308,random,424.0,366.0
agent-2,309,random,388.0,408.0
agent-2,310,random,381.0,420.0
agent-2,311,random,360.0,388.0
agent-2,312,random,447.0,398.0
agent-2,313,random,425.0,393.0
agent-2,314,random,394.0,443.0
agent-2,315,random,472.0,344.0
agent-2,316,random,422.0,413.0
agent-2,317,random,445.0,410.0
agent-2,318,random,409.0,407.0
agent-2,319,random,418.0,447.0
agent-2,320,random,428.0,366.0
agent-2,321,random,449.0,385.0
agent-2,322,random,478.0,361.0
agent-2,323,random,469.0,400.0
agent-2,324,random,392.0,321.0
agent-2,325,random,346.0,291.0
agent-2,326,random,330.0,361.0
agent-2,327,random,453.0,415.0
agent-2,328,random,297.0,325.0
agent-2,329,random,415.0,350.0
agent-2,330,random,407.0,372.0
agent-2,331,random,488.0,395.0
agent-2,332,random,440.0,383.0
agent-2,333,random,424.0,369.0
agent-2,334,random,298.0,389.0
agent-2,335,random,531.0,382.0
agent-2,336,random,454.0,345.0
agent-2,337,random,359.0,423.0
agent-2,338,random,421.0,385.0
agent-2,339,random,368.0,367.0
agent-2,340,random,482.0,330.0
agent-2,341,random,378.0,384.0
agent-2,342,random,440.0,507.0
agent-2,343,random,418.0,383.0
agent-2,344,random,519.0,408.0
agent-2,345,random,488.0,452.0
agent-2,346,random,416.0,405.0
agent-2,347,random,484.0,361.0
agent-2,348,random,479.0,430.0
agent-2,349,random,468.0,476.0
agent-2,350,random,443.0,415.0
agent-2,351,random,360.0,371.0
agent-2,352,random,502.0,406.0
agent-2,353,random,396.0,409.0
agent-2,354,random,381.0,347.0
agent-2,355,random,367.0,328.0
agent-2,356,random,438.0,367.0
agent-2,357,random,333.0,323.0
agent-2,358,random,449.0,405.0
agent-2,359,random,441.0,422.0
agent-2,360,random,364.0,381.0
agent-2,361,random,325.0,251.0
agent-2,362,random,422.0,224.0
agent-2,363,random,416.0,414.0
agent-2,364,random,377.0,414.0
agent-2,365,random,403.0,416.0
agent-2,366,random,428.0,400.0
agent-2,367,random,428.0,451.0
agent-2,368,random,372.0,298.0
agent-2,369,random,403.0,398.0
agent-2,370,random,345.0,342.0
agent-2,371,random,442.0,346.0
agent-2,372,random,438.0,400.0
agent-2,373,random,404.0,434.0
agent-2,374,random,399.0,472.0
agent-2,375,random,439.0,471.0
agent-2,376,random,419.0,401.0
agent-2,377,random,374.0,431.0
agent-2,378,random,475.0,376.0
agent-2,379,random,306.0,289.0
agent-2,380,random,415.0,416.0
agent-2,381,random,431.0,406.0
agent-2,382,random,386.0,355.0
agent-2,383,random,417.0,374.0
agent-2,384,random,406.0,350.0
agent-2,385,random,351.0,357.0
agent-2,386,random,361.0,212.0
agent-2,387,random,408.0,306.0
agent-2,388,random,518.0,389.0
agent-2,389,random,389.0,338.0
agent-2,390,random,440.0,353.0
agent-2,391,random,275.0,293.0
agent-2,392,random,414.0,390.0
agent-2,393,random,438.0,433.0
agent-2,394,random,378.0,320.0
agent-2,395,random,359.0,428.0
agent-2,396,random,437.0,414.0
agent-2,397,random,448.0,358.0
agent-2,398,random,473.0,374.0
agent-2,399,random,320.0,375.0
agent-2,400,random,408.0,365.0
agent-2,401,random,370.0,357.0
agent-2,402,random,372.0,401.0
agent-2,403,random,453.0,339.0
agent-2,404,random,380.0,397.0
agent-2,405,random,429.0,421.0
agent-2,406,random,314.0,400.0
agent-2,407,random,377.0,313.0
agent-2,408,random,391.0,372.0
agent-2,409,random,305.0,347.0
agent-2,410,random,474.0,367.0
agent-2,411,random,405.0,417.0
agent-2,412,random,421.0,393.0
agent-2,413,random,360.0,292.0
agent-2,414,random,390.0,324.0
agent-2,415,random,305.0,389.0
agent-2,416,random,418.0,421.0
agent-2,417,random,429.0,410.0
agent-2,418,random,377.0,221.0
agent-2,419,random,399.0,413.0
agent-2,420,random,416.0,388.0
agent-2,421,random,342.0,391.0
agent-2,422,random,414.0,325.0
agent-2,423,random,410.0,392.0
agent-2,424,random,401.0,329.0
agent-2,425,random,305.0,414.0
agent-2,426,random,466.0,508.0
agent-2,427,random,373.0,374.0
agent-2,428,random,426.0,392.0
agent-2,429,random,290.0,339.0
agent-2,430,random,366.0,307.0
agent-2,431,random,365.0,409.0
agent-2,432,random,470.0,339.0
agent-2,433,random,393.0,397.0
agent-2,434,random,349.0,334.0
agent-2,435,random,489.0,436.0
agent-2,436,random,453.0,425.0
agent-2,437,random,391.0,335.0
agent-2,438,random,395.0,356.0
agent-2,439,random,400.0,446.0
agent-2,440,random,444.0,395.0
agent-2,441,random,510.0,403.0
agent-2,442,random,477.0,337.0
agent-2,443,random,433.0,337.0
agent-2,444,random,420.0,351.0
agent-2,445,random,297.0,351.0
agent-2,446,random,296.0,358.0
agent-2,447,random,401.0,332.0
agent-2,448,random,519.0,398.0
agent-2,449,random,458.0,460.0
agent-2,450,random,371.0,365.0
agent-2,451,random,474.0,437.0
agent-2,452,random,328.0,366.0
agent-2,453,random,240.0,206.0
agent-2,454,random,420.0,417.0
agent-2,455,random,418.0,429.0
agent-2,456,random,503.0,411.0
agent-2,457,random,488.0,463.0
agent-2,458,random,400.0,283.0
agent-2,459,random,259.0,319.0
agent-2,460,random,419.0,425.0
agent-2,461,random,389.0,359.0
agent-2,462,random,291.0,302.0
agent-2,463,random,350.0,397.0
agent-2,464,random,408.0,401.0
agent-2,465,random,385.0,385.0
agent-2,466,random,358.0,505.0
agent-2,467,random,464.0,289.0
agent-2,468,random,548.0,444.0
agent-2,469,random,411.0,367.0
agent-2,470,random,378.0,464.0
agent-2,471,random,417.0,398.0
agent-2,472,random,461.0,381.0
agent-2,473,random,401.0,272.0
agent-2,474,random,491.0,444.0
agent-2,475,random,403.0,342.0
agent-2,476,random,522.0,390.0
agent-2,477,random,356.0,298.0
agent-2,478,random,430.0,427.0
agent-2,479,random,319.0,331.0
agent-2,480,random,407.0,359.0
agent-2,481,random,425.0,379.0
agent-2,482,random,392.0,392.0
agent-2,483,random,317.0,357.0
agent-2,484,random,382.0,330.0
agent-2,485,random,439.0,311.0
agent-2,486,random,422.0,475.0
agent-2,487,random,554.0,418.0
agent-2,488,random,413.0,436.0
agent-2,489,random,405.0,317.0
agent-2,490,random,498.0,427.0
agent-2,491,random,387.0,415.0
agent-2,492,random,325.0,395.0
agent-2,493,random,439.0,352.0
agent-2,494,random,340.0,367.0
agent-2,495,random,455.0,422.0
agent-2,496,random,400.0,362.0
agent-2,497,random,329.0,402.0
agent-2,498,random,318.0,352.0
agent-2,499,random,340.0,381.0
agent-2,500,random,464.0,337.0
agent-3,1,random,410.0,403.0
agent-3,2,random,329.0,352.0
agent-3,3,random,226.0,418.0
agent-3,4,random,365.0,284.0
agent-3,5,random,459.0,439.0
agent-3,6,random,326.0,408.0
agent-3,7,random,411.0,379.0
agent-3,8,random,425.0,403.0
agent-3,9,random,358.0,339.0
agent-3,10,random,379.0,346.0
agent-3,11,random,366.0,435.0
agent-3,12,random,367.0,392.0
agent-3,13,random,384.0,401.0
agent-3,14,random,329.0,382.0
agent-3,15,random,293.0,350.0
agent-3,16,random,365.0,405.0
agent-3,17,random,428.0,451.0
agent-3,18,random,343.0,348.0
agent-3,19,random,286.0,279.0
agent-3,20,random,373.0,460.0
agent-3,21,random,331.0,452.0
agent-3,22,random,334.0,298.0
agent-3,23,random,377.0,447.0
agent-3,24,random,365.0,452.0
agent-3,25,random,380.0,400.0
agent-3,26,random,385.0,368.0
agent-3,27,random,319.0,425.0
agent-3,28,random,514.0,447.0
agent-3,29,random,374.0,466.0
agent-3,30,random,438.0,439.0
agent-3,31,random,371.0,388.0
agent-3,32,random,437.0,414.0
agent-3,33,random,377.0,428.0
agent-3,34,random,414.0,398.0
agent-3,35,random,379.0,339.0
agent-3,36,random,431.0,486.0
agent-3,37,random,341.0,338.0
agent-3,38,random,352.0,349.0
agent-3,39,random,338.0,355.0
agent-3,40,random,492.0,391.0
agent-3,41,random,358.0,289.0
agent-3,42,random,354.0,391.0
agent-3,43,random,392.0,473.0
agent-3,44,random,445.0,508.0
agent-3,45,random,336.0,319.0
agent-3,46,random,318.0,467.0
agent-3,47,random,423.0,384.0
agent-3,48,random,360.0,367.0
agent-3,49,random,369.0,439.0
agent-3,50,random,411.0,406.0
agent-3,51,random,287.0,440.0
agent-3,52,random,323.0,353.0
agent-3,53,random,416.0,475.0
agent-3,54,random,381.0,337.0
agent-3,55,random,491.0,365.0
agent-3,56,random,379.0,457.0
agent-3,57,random,323.0,438.0
agent-3,58,random,339.0,458.0
agent-3,59,random,447.0,403.0
agent-3,60,random,375.0,438.0
agent-3,61,random,325.0,361.0
agent-3,62,random,316.0,409.0
agent-3,63,random,399.0,345.0
agent-3,64,random,396.0,400.0
agent-3,65,random,465.0,505.0
agent-3,66,random,411.0,411.0
agent-3,67,random,280.0,374.0
agent-3,68,random,468.0,430.0
agent-3,69,random,478.0,450.0
agent-3,70,random,392.0,428.0
agent-3,71,random,293.0,328.0
agent-3,72,random,458.0,487.0
agent-3,73,random,352.0,345.0
agent-3,74,random,452.0,452.0
agent-3,75,random,433.0,440.0
agent-3,76,random,356.0,342.0
agent-3,77,random,357.0,385.0
agent-3,78,random,311.0,297.0
agent-3,79,random,227.0,379.0
agent-3,80,random,288.0,273.0
agent-3,81,random,429.0,297.0
agent-3,82,random,344.0,467.0
agent-3,83,random,350.0,374.0
agent-3,84,random,401.0,405.0
agent-3,85,random,353.0,301.0
agent-3,86,random,394.0,446.0
agent-3,87,random,332.0,355.0
agent-3,88,random,399.0,452.0
agent-3,89,random,418.0,405.0
agent-3,90,random,338.0,287.0
agent-3,91,random,361.0,420.0
agent-3,92,random,379.0,258.0
agent-3,93,random,425.0,506.0
agent-3,94,random,365.0,326.0
agent-3,95,random,389.0,298.0
agent-3,96,random,403.0,454.0
agent-3,97,random,384.0,475.0
agent-3,98,random,378.0,476.0
agent-3,99,random,324.0,340.0
agent-3,100,random,410.0,389.0
agent-3,101,random,366.0,394.0
agent-3,102,random,423.0,411.0
agent-3,103,random,438.0,497.0
agent-3,104,random,325.0,399.0
agent-3,105,random,330.0,381.0
agent-3,106,random,336.0,404.0
agent-3,107,random,491.0,460.0
agent-3,108,random,402.0,354.0
agent-3,109,random,360.0,371.0
agent-3,110,random,372.0,269.0
agent-3,111,random,433.0,470.0
agent-3,112,random,330.0,388.0
agent-3,113,random,263.0,378.0
agent-3,114,random,251.0,335.0
agent-3,115,random,411.0,432.0
agent-3,116,random,397.0,363.0
agent-3,117,random,354.0,378.0
agent-3,118,random,293.0,377.0
agent-3,119,random,392.0,393.0
agent-3,120,random,355.0,407.0
agent-3,121,random,342.0,355.0
agent-3,122,random,429.0,456.0
agent-3,123,random,379.0,376.0
agent-3,124,random,400.0,405.0
agent-3,125,random,459.0,437.0
agent-3,126,random,404.0,473.0
agent-3,127,random,341.0,331.0
agent-3,128,random,379.0,452.0
agent-3,129,random,489.0,485.0
agent-3,130,random,277.0,318.0
agent-3,131,random,380.0,426.0
agent-3,132,random,409.0,330.0
agent-3,133,random,453.0,453.0
agent-3,134,random,389.0,428.0
agent-3,135,random,423.0,445.0
agent-3,136,random,436.0,346.0
agent-3,137,random,364.0,334.0
agent-3,138,random,348.0,414.0
agent-3,139,random,401.0,474.0
agent-3,140,random,380.0,358.0
agent-3,141,random,273.0,356.0
agent-3,142,random,303.0,296.0
agent-3,143,random,433.0,395.0
agent-3,144,random,324.0,351.0
agent-3,145,random,421.0,348.0
agent-3,146,random,376.0,382.0
agent-3,147,random,439.0,459.0
agent-3,148,random,429.0,349.0
agent-3,149,random,311.0,274.0
agent-3,150,random,374.0,327.0
agent-3,151,random,470.0,423.0
agent-3,152,random,354.0,468.0
agent-3,153,random,408.0,470.0
agent-3,154,random,548.0,479.0
agent-3,155,random,276.0,473.0
agent-3,156,random,324.0,395.0
agent-3,157,random,434.0,399.0
agent-3,158,random,403.0,334.0
agent-3,159,random,297.0,301.0
agent-3,160,random,424.0,426.0
agent-3,161,random,328.0,448.0
agent-3,162,random,396.0,452.0
agent-3,163,random,409.0,389.0
agent-3,164,random,328.0,278.0
agent-3,165,random,340.0,368.0
agent-3,166,random,446.0,396.0
agent-3,167,random,453.0,507.0
agent-3,168,random,466.0,319.0
agent-3,169,random,382.0,413.0
agent-3,170,random,408.0,376.0
agent-3,171,random,374.0,461.0
agent-3,172,random,444.0,422.0
agent-3,173,random,405.0,417.0
agent-3,174,random,460.0,380.0
agent-3,175,random,399.0,419.0
agent-3,176,random,373.0,396.0
agent-3,177,random,360.0,404.0
agent-3,178,random,307.0,387.0
agent-3,179,random,319.0,401.0
agent-3,180,random,342.0,425.0
agent-3,181,random,373.0,381.0
agent-3,182,random,341.0,393.0
agent-3,183,random,369.0,367.0
agent-3,184,random,385.0,484.0
agent-3,185,random,400.0,320.0
agent-3,186,random,520.0,467.0
agent-3,187,random,286.0,372.0
agent-3,188,random,358.0,431.0
agent-3,189,random,448.0,417.0
agent-3,190,random,409.0,407.0
agent-3,191,random,297.0,231.0
agent-3,192,random,344.0,353.0
agent-3,193,random,359.0,384.0
agent-3,194,random,437.0,394.0
agent-3,195,random,353.0,405.0
agent-3,196,random,398.0,402.0
agent-3,197,random,360.0,345.0
agent-3,198,random,410.0,448.0
agent-3,199,random,476.0,403.0
agent-3,200,random,396.0,393.0
agent-3,201,random,405.0,453.0
agent-3,202,random,389.0,320.0
agent-3,203,random,451.0,361.0
agent-3,204,random,360.0,386.0
agent-3,205,random,424.0,398.0
agent-3,206,random,336.0,406.0
agent-3,207,random,346.0,304.0
agent-3,208,random,388.0,367.0
agent-3,209,random,356.0,500.0
agent-3,210,random,270.0,377.0
agent-3,211,random,424.0,462.0
agent-3,212,random,309.0,394.0
agent-3,213,random,410.0,373.0
agent-3,214,random,393.0,481.0
agent-3,215,random,436.0,373.0
agent-3,216,random,377.0,336.0
agent-3,217,random,373.0,337.0
agent-3,218,random,255.0,343.0
agent-3,219,random,353.0,440.0
agent-3,220,random,450.0,439.0
agent-3,221,random,383.0,479.0
agent-3,222,random,322.0,366.0
agent-3,223,random,411.0,455.0
agent-3,224,random,424.0,412.0
agent-3,225,random,400.0,395.0
agent-3,226,random,367.0,418.0
agent-3,227,random,293.0,371.0
agent-3,228,random,428.0,461.0
agent-3,229,random,461.0,363.0
agent-3,230,random,305.0,355.0
agent-3,231,random,348.0,415.0
agent-3,232,random,403.0,351.0
agent-3,233,random,363.0,485.0
agent-3,234,random,337.0,393.0
agent-3,235,random,410.0,453.0
agent-3,236,random,416.0,482.0
agent-3,237,random,305.0,453.0
agent-3,238,random,302.0,355.0
agent-3,239,random,453.0,395.0
agent-3,240,random,280.0,263.0
agent-3,241,random,392.0,349.0
agent-3,242,random,285.0,372.0
agent-3,243,random,322.0,459.0
agent-3,244,random,415.0,316.0
agent-3,245,random,372.0,404.0
agent-3,246,random,360.0,453.0
agent-3,247,random,389.0,364.0
agent-3,248,random,416.0,428.0
agent-3,249,random,418.0,440.0
agent-3,250,random,376.0,240.0
agent-3,251,random,365.0,353.0
agent-3,252,random,414.0,434.0
agent-3,253,random,289.0,368.0
agent-3,254,random,265.0,298.0
agent-3,255,random,491.0,522.0
agent-3,256,random,352.0,391.0
agent-3,257,random,274.0,355.0
agent-3,258,random,425.0,341.0
agent-3,259,random,282.0,343.0
agent-3,260,random,451.0,303.0
agent-3,261,random,366.0,452.0
agent-3,262,random,469.0,438.0
agent-3,263,random,416.0,480.0
agent-3,264,random,312.0,323.0
agent-3,265,random,344.0,406.0
agent-3,266,random,369.0,422.0
agent-3,267,random,458.0,494.0
agent-3,268,random,324.0,473.0
agent-3,269,random,352.0,341.0
agent-3,270,random,407.0,362.0
agent-3,271,random,285.0,297.0
agent-3,272,random,289.0,368.0
agent-3,273,random,386.0,367.0
agent-3,274,random,390.0,309.0
agent-3,275,random,410.0,486.0
agent-3,276,random,485.0,470.0
agent-3,277,random,387.0,388.0
agent-3,278,random,284.0,359.0
agent-3,279,random,372.0,395.0
agent-3,280,random,428.0,462.0
agent-3,281,random,411.0,391.0
agent-3,282,random,314.0,368.0
agent-3,283,random,421.0,412.0
agent-3,284,random,423.0,430.0
agent-3,285,random,275.0,353.0
agent-3,286,random,350.0,314.0
agent-3,287,random,404.0,358.0
agent-3,288,random,366.0,419.0
agent-3,289,random,452.0,358.0
agent-3,290,random,443.0,395.0
agent-3,291,random,372.0,360.0
agent-3,292,random,365.0,447.0
agent-3,293,random,306.0,335.0
agent-3,294,random,408.0,435.0
agent-3,295,random,395.0,363.0
agent-3,296,random,444.0,446.0
agent-3,297,random,398.0,308.0
agent-3,298,random,482.0,453.0
agent-3,299,random,356.0,449.0
agent-3,300,random,405.0,421.0
agent-3,301,random,405.0,387.0
agent-3,302,random,375.0,417.0
agent-3,303,random,480.0,388.0
agent-3,304,random,319.0,438.0
agent-3,305,random,334.0,434.0
agent-3,306,random,347.0,396.0
agent-3,307,random,344.0,391.0
agent-3,308,random,462.0,510.0
agent-3,309,random,381.0,407.0
agent-3,310,random,422.0,360.0
agent-3,311,random,467.0,474.0
agent-3,312,random,280.0,378.0
agent-3,313,random,323.0,416.0
agent-3,314,random,425.0,358.0
agent-3,315,random,444.0,428.0
agent-3,316,random,302.0,365.0
agent-3,317,random,402.0,439.0
agent-3,318,random,372.0,338.0
agent-3,319,random,408.0,334.0
agent-3,320,random,441.0,421.0
agent-3,321,random,376.0,441.0
agent-3,322,random,340.0,461.0
agent-3,323,random,301.0,323.0
agent-3,324,random,329.0,404.0
agent-3,325,random,462.0,393.0
agent-3,326,random,446.0,403.0
agent-3,327,random,241.0,374.0
agent-3,328,random,330.0,352.0
agent-3,329,random,442.0,392.0
agent-3,330,random,453.0,408.0
agent-3,331,random,393.0,390.0
agent-3,332,random,358.0,394.0
agent-3,333,random,391.0,438.0
agent-3,334,random,242.0,391.0
agent-3,335,random,419.0,444.0
agent-3,336,random,485.0,426.0
agent-3,337,random,268.0,370.0
agent-3,338,random,452.0,436.0
agent-3,339,random,348.0,405.0
agent-3,340,random,313.0,392.0
agent-3,341,random,432.0,426.0
agent-3,342,random,365.0,400.0
agent-3,343,random,337.0,392.0
agent-3,344,random,359.0,413.0
agent-3,345,random,325.0,404.0
agent-3,346,random,420.0,499.0
agent-3,347,random,500.0,458.0
agent-3,348,random,312.0,444.0
agent-3,349,random,396.0,409.0
agent-3,350,random,469.0,416.0
agent-3,351,random,426.0,432.0
agent-3,352,random,376.0,303.0
agent-3,353,random,273.0,351.0
agent-3,354,random,340.0,379.0
agent-3,355,random,339.0,344.0
agent-3,356,random,348.0,372.0
agent-3,357,random,354.0,508.0
agent-3,358,random,282.0,337.0
agent-3,359,random,293.0,442.0
agent-3,360,random,324.0,283.0
agent-3,361,random,289.0,365.0
agent-3,362,random,379.0,433.0
agent-3,363,random,421.0,406.0
agent-3,364,random,331.0,410.0
agent-3,365,random,502.0,497.0
agent-3,366,random,401.0,354.0
agent-3,367,random,429.0,390.0
agent-3,368,random,351.0,397.0
agent-3,369,random,500.0,419.0
agent-3,370,random,475.0,395.0
agent-3,371,random,337.0,346.0
agent-3,372,random,353.0,363.0
agent-3,373,random,414.0,351.0
agent-3,374,random,380.0,476.0
agent-3,375,random,387.0,421.0
agent-3,376,random,235.0,285.0
agent-3,377,random,362.0,296.0
agent-3,378,random,340.0,431.0
agent-3,379,random,401.0,474.0
agent-3,380,random,292.0,378.0
agent-3,381,random,460.0,446.0
agent-3,382,random,422.0,370.0
agent-3,383,random,316.0,398.0
agent-3,384,random,361.0,248.0
agent-3,385,random,322.0,324.0
agent-3,386,random,379.0,371.0
agent-3,387,random,416.0,355.0
agent-3,388,random,340.0,364.0
agent-3,389,random,484.0,444.0
agent-3,390,random,411.0,396.0
agent-3,391,random,446.0,494.0
agent-3,392,random,411.0,400.0
agent-3,393,random,456.0,419.0
agent-3,394,random,295.0,364.0
agent-3,395,random,405.0,364.0
agent-3,396,random,291.0,325.0
agent-3,397,random,349.0,406.0
agent-3,398,random,411.0,359.0
agent-3,399,random,452.0,402.0
agent-3,400,random,365.0,400.0
agent-3,401,random,321.0,466.0
agent-3,402,random,332.0,459.0
agent-3,403,random,438.0,386.0
agent-3,404,random,427.0,432.0
agent-3,405,random,310.0,365.0
agent-3,406,random,347.0,417.0
agent-3,407,random,358.0,428.0
agent-3,408,random,400.0,389.0
agent-3,409,random,368.0,298.0
agent-3,410,random,360.0,356.0
agent-3,411,random,401.0,513.0
agent-3,412,random,430.0,532.0
agent-3,413,random,403.0,389.0
agent-3,414,random,343.0,410.0
agent-3,415,random,329.0,414.0
agent-3,416,random,350.0,409.0
agent-3,417,random,428.0,524.0
agent-3,418,random,373.0,304.0
agent-3,419,random,370.0,379.0
agent-3,420,random,461.0,439.0
agent-3,421,random,326.0,451.0
agent-3,422,random,394.0,401.0
agent-3,423,random,363.0,415.0
agent-3,424,random,392.0,384.0
agent-3,425,random,453.0,402.0
agent-3,426,random,390.0,405.0
agent-3,427,random,479.0,520.0
agent-3,428,random,396.0,333.0
agent-3,429,random,435.0,433.0
agent-3,430,random,406.0,361.0
agent-3,431,random,370.0,411.0
agent-3,432,random,212.0,327.0
agent-3,433,random,337.0,440.0
agent-3,434,random,405.0,450.0
agent-3,435,random,423.0,383.0
agent-3,436,random,379.0,317.0
agent-3,437,random,352.0,409.0
agent-3,438,random,415.0,426.0
agent-3,439,random,387.0,386.0
agent-3,440,random,268.0,347.0
agent-3,441,random,317.0,360.0
agent-3,442,random,462.0,495.0
agent-3,443,random,406.0,391.0
agent-3,444,random,436.0,480.0
agent-3,445,random,399.0,453.0
agent-3,446,random,285.0,410.0
agent-3,447,random,420.0,306.0
agent-3,448,random,399.0,454.0
agent-3,449,random,242.0,273.0
agent-3,450,random,358.0,397.0
agent-3,451,random,408.0,409.0
agent-3,452,random,446.0,485.0
agent-3,453,random,511.0,455.0
agent-3,454,random,379.0,371.0
agent-3,455,random,328.0,341.0
agent-3,456,random,469.0,429.0
agent-3,457,random,443.0,345.0
agent-3,458,random,438.0,519.0
agent-3,459,random,336.0,414.0
agent-3,460,random,349.0,330.0
agent-3,461,random,399.0,372.0
agent-3,462,random,363.0,347.0
agent-3,463,random,405.0,426.0
agent-3,464,random,322.0,354.0
agent-3,465,random,393.0,391.0
agent-3,466,random,471.0,422.0
agent-3,467,random,341.0,466.0
agent-3,468,random,407.0,459.0
agent-3,469,random,432.0,332.0
agent-3,470,random,403.0,422.0
agent-3,471,random,339.0,377.0
agent-3,472,random,406.0,341.0
agent-3,473,random,370.0,318.0
agent-3,474,random,403.0,455.0
agent-3,475,random,287.0,330.0
agent-3,476,random,300.0,385.0
agent-3,477,random,328.0,392.0
agent-3,478,random,443.0,431.0
agent-3,479,random,378.0,317.0
agent-3,480,random,393.0,462.0
agent-3,481,random,449.0,385.0
agent-3,482,random,498.0,504.0
agent-3,483,random,403.0,454.0
agent-3,484,random,386.0,391.0
agent-3,485,random,340.0,392.0
agent-3,486,random,405.0,434.0
agent-3,487,random,336.0,283.0
agent-3,488,random,376.0,352.0
agent-3,489,random,284.0,372.0
agent-3,490,random,400.0,363.0
agent-3,491,random,361.0,403.0
agent-3,492,random,365.0,461.0
agent-3,493,random,358.0,381.0
agent-3,494,random,354.0,366.0
agent-3,495,random,446.0,446.0
agent-3,496,random,372.0,313.0
agent-3,497,random,454.0,493.0
agent-3,498,random,376.0,403.0
agent-3,499,random,397.0,477.0
agent-3,500,random,423.0,418.0
agent-4,1,random,428.0,365.0
agent-4,2,random,452.0,374.0
agent-4,3,random,447.0,397.0
agent-4,4,random,347.0,294.0
agent-4,5,random,401.0,394.0
agent-4,6,random,490.0,485.0
agent-4,7,random,330.0,202.0
agent-4,8,random,413.0,309.0
agent-4,9,random,427.0,240.0
agent-4,10,random,223.0,303.0
agent-4,11,random,394.0,388.0
agent-4,12,random,505.0,379.0
agent-4,13,random,489.0,428.0
agent-4,14,random,378.0,345.0
agent-4,15,random,391.0,434.0
agent-4,16,random,421.0,482.0
agent-4,17,random,452.0,379.0
agent-4,18,random,389.0,361.0
agent-4,19,random,358.0,409.0
agent-4,20,random,417.0,414.0
agent-4,21,random,417.0,409.0
agent-4,22,random,444.0,380.0
agent-4,23,random,381.0,270.0
agent-4,24,random,332.0,277.0
agent-4,25,random,434.0,350.0
agent-4,26,random,422.0,357.0
agent-4,27,random,428.0,363.0
agent-4,28,random,338.0,329.0
agent-4,29,random,313.0,279.0
agent-4,30,random,483.0,508.0
agent-4,31,random,336.0,283.0
agent-4,32,random,455.0,298.0
agent-4,33,random,454.0,420.0
agent-4,34,random,421.0,451.0
agent-4,35,random,419.0,395.0
agent-4,36,random,463.0,396.0
agent-4,37,random,361.0,270.0
agent-4,38,random,374.0,349.0
agent-4,39,random,427.0,402.0
agent-4,40,random,476.0,383.0
agent-4,41,random,505.0,468.0
agent-4,42,random,453.0,445.0
agent-4,43,random,379.0,447.0
agent-4,44,random,486.0,316.0
agent-4,45,random,436.0,402.0
agent-4,46,random,357.0,362.0
agent-4,47,random,515.0,364.0
agent-4,48,random,415.0,252.0
agent-4,49,random,443.0,314.0
agent-4,50,random,393.0,332.0
agent-4,51,random,498.0,522.0
agent-4,52,random,383.0,335.0
agent-4,53,random,425.0,357.0
agent-4,54,random,338.0,349.0
agent-4,55,random,483.0,327.0
agent-4,56,random,377.0,355.0
agent-4,57,random,400.0,348.0
agent-4,58,random,377.0,383.0
agent-4,59,random,417.0,334.0
agent-4,60,random,410.0,363.0
agent-4,61,random,436.0,357.0
agent-4,62,random,341.0,435.0
agent-4,63,random,359.0,377.0
agent-4,64,random,362.0,328.0
agent-4,65,random,350.0,335.0
agent-4,66,random,467.0,429.0
agent-4,67,random,395.0,292.0
agent-4,68,random,361.0,298.0
agent-4,69,random,405.0,327.0
agent-4,70,random,456.0,418.0
agent-4,71,random,427.0,335.0
agent-4,72,random,318.0,315.0
agent-4,73,random,363.0,412.0
agent-4,74,random,425.0,259.0
agent-4,75,random,463.0,466.0
agent-4,76,random,364.0,356.0
agent-4,77,random,390.0,391.0
agent-4,78,random,406.0,319.0
agent-4,79,random,364.0,364.0
agent-4,80,random,377.0,374.0
agent-4,81,random,398.0,411.0
agent-4,82,random,353.0,357.0
agent-4,83,random,419.0,366.0
agent-4,84,random,327.0,353.0
agent-4,85,random,549.0,403.0
agent-4,86,random,378.0,291.0
agent-4,87,random,489.0,406.0
agent-4,88,random,461.0,344.0
agent-4,89,random,471.0,408.0
agent-4,90,random,315.0,237.0
agent-4,91,random,398.0,421.0
agent-4,92,random,372.0,379.0
agent-4,93,random,417.0,411.0
agent-4,94,random,460.0,262.0
agent-4,95,random,396.0,301.0
agent-4,96,random,342.0,386.0
agent-4,97,random,390.0,403.0
agent-4,98,random,329.0,421.0
agent-4,99,random,340.0,377.0
agent-4,100,random,414.0,398.0
agent-4,101,random,447.0,408.0
agent-4,102,random,464.0,525.0
agent-4,103,random,325.0,380.0
agent-4,104,random,366.0,356.0
agent-4,105,random,426.0,385.0
agent-4,106,random,360.0,432.0
agent-4,107,random,273.0,249.0
agent-4,108,random,341.0,373.0
agent-4,109,random,326.0,377.0
agent-4,110,random,466.0,402.0
agent-4,111,random,476.0,459.0
agent-4,112,random,287.0,315.0
agent-4,113,random,414.0,411.0
agent-4,114,random,480.0,448.0
agent-4,115,random,414.0,285.0
agent-4,116,random,476.0,450.0
agent-4,117,random,350.0,331.0
agent-4,118,random,431.0,471.0
agent-4,119,random,435.0,378.0
agent-4,120,random,484.0,441.0
agent-4,121,random,394.0,306.0
agent-4,122,random,426.0,385.0
agent-4,123,random,340.0,326.0
agent-4,124,random,382.0,332.0
agent-4,125,random,392.0,401.0
agent-4,126,random,392.0,318.0
agent-4,127,random,420.0,326.0
agent-4,128,random,448.0,428.0
agent-4,129,random,344.0,325.0
agent-4,130,random,405.0,291.0
agent-4,131,random,346.0,299.0
agent-4,132,random,470.0,407.0
agent-4,133,random,402.0,294.0
agent-4,134,random,467.0,507.0
agent-4,135,random,424.0,342.0
agent-4,136,random,512.0,445.0
agent-4,137,random,367.0,330.0
agent-4,138,random,334.0,299.0
agent-4,139,random,400.0,391.0
agent-4,140,random,259.0,258.0
agent-4,141,random,471.0,415.0
agent-4,142,random,351.0,230.0
agent-4,143,random,304.0,350.0
agent-4,144,random,353.0,338.0
agent-4,145,random,427.0,325.0
agent-4,146,random,371.0,324.0
agent-4,147,random,406.0,359.0
agent-4,148,random,443.0,374.0
agent-4,149,random,268.0,342.0
agent-4,150,random,408.0,375.0
agent-4,151,random,397.0,390.0
agent-4,152,random,400.0,408.0
agent-4,153,random,376.0,302.0
agent-4,154,random,418.0,369.0
agent-4,155,random,439.0,397.0
agent-4,156,random,402.0,308.0
agent-4,157,random,424.0,425.0
agent-4,158,random,489.0,426.0
agent-4,159,random,479.0,360.0
agent-4,160,random,360.0,310.0
agent-4,161,random,379.0,304.0
agent-4,162,random,500.0,358.0
agent-4,163,random,399.0,422.0
agent-4,164,random,485.0,420.0
agent-4,165,random,448.0,461.0
agent-4,166,random,329.0,338.0
agent-4,167,random,401.0,376.0
agent-4,168,random,339.0,285.0
agent-4,169,random,471.0,360.0
agent-4,170,random,338.0,399.0
agent-4,171,random,340.0,357.0
agent-4,172,random,420.0,420.0
agent-4,173,random,324.0,352.0
agent-4,174,random,437.0,415.0
agent-4,175,random,452.0,384.0
agent-4,176,random,454.0,415.0
agent-4,177,random,401.0,445.0
agent-4,178,random,408.0,308.0
agent-4,179,random,352.0,379.0
agent-4,180,random,457.0,429.0
agent-4,181,random,435.0,458.0
agent-4,182,random,451.0,330.0
agent-4,183,random,416.0,204.0
agent-4,184,random,475.0,484.0
agent-4,185,random,401.0,374.0
agent-4,186,random,362.0,341.0
agent-4,187,random,474.0,397.0
agent-4,188,random,414.0,441.0
agent-4,189,random,467.0,468.0
agent-4,190,random,475.0,368.0
agent-4,191,random,429.0,370.0
agent-4,192,random,405.0,325.0
agent-4,193,random,458.0,295.0
agent-4,194,random,348.0,375.0
agent-4,195,random,424.0,373.0
agent-4,196,random,435.0,339.0
agent-4,197,random,428.0,393.0
agent-4,198,random,295.0,332.0
agent-4,199,random,464.0,423.0
agent-4,200,random,459.0,372.0
agent-4,201,random,363.0,236.0
agent-4,202,random,434.0,330.0
agent-4,203,random,304.0,322.0
agent-4,204,random,394.0,291.0
agent-4,205,random,442.0,405.0
agent-4,206,random,455.0,472.0
agent-4,207,random,406.0,256.0
agent-4,208,random,380.0,296.0
agent-4,209,random,451.0,422.0
agent-4,210,random,259.0,363.0
agent-4,211,random,412.0,363.0
agent-4,212,random,421.0,369.0
agent-4,213,random,450.0,467.0
agent-4,214,random,321.0,336.0
agent-4,215,random,404.0,439.0
agent-4,216,random,342.0,328.0
agent-4,217,random,404.0,426.0
agent-4,218,random,401.0,357.0
agent-4,219,random,452.0,282.0
agent-4,220,random,426.0,331.0
agent-4,221,random,416.0,319.0
agent-4,222,random,275.0,358.0
agent-4,223,random,444.0,313.0
agent-4,224,random,436.0,411.0
agent-4,225,random,306.0,332.0
agent-4,226,random,427.0,440.0
agent-4,227,random,515.0,328.0
agent-4,228,random,364.0,300.0
agent-4,229,random,470.0,374.0
agent-4,230,random,424.0,340.0
agent-4,231,random,445.0,531.0
agent-4,232,random,391.0,411.0
agent-4,233,random,397.0,323.0
agent-4,234,random,363.0,379.0
agent-4,235,random,438.0,408.0
agent-4,236,random,337.0,382.0
agent-4,237,random,353.0,365.0
agent-4,238,random,486.0,404.0
agent-4,239,random,301.0,326.0
agent-4,240,random,491.0,313.0
agent-4,241,random,430.0,231.0
agent-4,242,random,441.0,368.0
agent-4,243,random,455.0,415.0
agent-4,244,random,416.0,220.0
agent-4,245,random,517.0,330.0
agent-4,246,random,466.0,341.0
agent-4,247,random,499.0,479.0
agent-4,248,random,418.0,408.0
agent-4,249,random,415.0,404.0
agent-4,250,random,405.0,426.0
agent-4,251,random,305.0,409.0
agent-4,252,random,422.0,331.0
agent-4,253,random,374.0,342.0
agent-4,254,random,429.0,479.0
agent-4,255,random,383.0,452.0
agent-4,256,random,385.0,269.0
agent-4,257,random,502.0,406.0
agent-4,258,random,334.0,323.0
agent-4,259,random,420.0,370.0
agent-4,260,random,338.0,326.0
agent-4,261,random,454.0,413.0
agent-4,262,random,370.0,417.0
agent-4,263,random,448.0,421.0
agent-4,264,random,439.0,385.0
agent-4,265,random,318.0,420.0
agent-4,266,random,393.0,255.0
agent-4,267,random,317.0,340.0
agent-4,268,random,371.0,341.0
agent-4,269,random,408.0,409.0
agent-4,270,random,422.0,437.0
agent-4,271,random,356.0,299.0
agent-4,272,random,400.0,359.0
agent-4,273,random,378.0,369.0
agent-4,274,random,400.0,331.0
agent-4,275,random,399.0,282.0
agent-4,276,random,442.0,400.0
agent-4,277,random,424.0,426.0
agent-4,278,random,400.0,277.0
agent-4,279,random,391.0,402.0
agent-4,280,random,371.0,308.0
agent-4,281,random,417.0,376.0
agent-4,282,random,366.0,328.0
agent-4,283,random,509.0,421.0
agent-4,284,random,450.0,450.0
agent-4,285,random,436.0,357.0
agent-4,286,random,351.0,331.0
agent-4,287,random,387.0,393.0
agent-4,288,random,369.0,396.0
agent-4,289,random,329.0,374.0
agent-4,290,random,347.0,370.0
agent-4,291,random,388.0,334.0
agent-4,292,random,464.0,362.0
agent-4,293,random,453.0,405.0
agent-4,294,random,454.0,426.0
agent-4,295,random,401.0,295.0
agent-4,296,random,293.0,306.0
agent-4,297,random,355.0,355.0
agent-4,298,random,391.0,386.0
agent-4,299,random,362.0,323.0
agent-4,300,random,360.0,225.0
agent-4,301,random,371.0,437.0
agent-4,302,random,434.0,398.0
agent-4,303,random,469.0,351.0
agent-4,304,random,422.0,358.0
agent-4,305,random,434.0,369.0
agent-4,306,random,382.0,327.0
agent-4,307,random,355.0,346.0
agent-4,308,random,338.0,257.0
agent-4,309,random,392.0,386.0
agent-4,310,random,485.0,536.0
agent-4,311,random,378.0,398.0
agent-4,312,random,450.0,300.0
agent-4,313,random,429.0,373.0
agent-4,314,random,405.0,423.0
agent-4,315,random,505.0,388.0
agent-4,316,random,399.0,340.0
agent-4,317,random,356.0,377.0
agent-4,318,random,395.0,387.0
agent-4,319,random,334.0,263.0
agent-4,320,random,375.0,373.0
agent-4,321,random,409.0,391.0
agent-4,322,random,431.0,402.0
agent-4,323,random,392.0,397.0
agent-4,324,random,422.0,340.0
agent-4,325,random,422.0,333.0
agent-4,326,random,430.0,328.0
agent-4,327,random,411.0,311.0
agent-4,328,random,419.0,385.0
agent-4,329,random,365.0,340.0
agent-4,330,random,409.0,293.0
agent-4,331,random,425.0,396.0
agent-4,332,random,362.0,404.0
agent-4,333,random,405.0,330.0
agent-4,334,random,370.0,342.0
agent-4,335,random,482.0,433.0
agent-4,336,random,477.0,424.0
agent-4,337,random,433.0,369.0
agent-4,338,random,423.0,420.0
agent-4,339,random,433.0,357.0
agent-4,340,random,400.0,372.0
agent-4,341,random,470.0,332.0
agent-4,342,random,320.0,245.0
agent-4,343,random,445.0,370.0
agent-4,344,random,332.0,342.0
agent-4,345,random,441.0,423.0
agent-4,346,random,356.0,396.0
agent-4,347,random,371.0,378.0
agent-4,348,random,523.0,402.0
agent-4,349,random,347.0,326.0
agent-4,350,random,322.0,280.0
agent-4,351,random,456.0,434.0
agent-4,352,random,296.0,350.0
agent-4,353,random,382.0,321.0
agent-4,354,random,417.0,425.0
agent-4,355,random,361.0,406.0
agent-4,356,random,463.0,448.0
agent-4,357,random,414.0,372.0
agent-4,358,random,289.0,387.0
agent-4,359,random,344.0,294.0
agent-4,360,random,449.0,405.0
agent-4,361,random,376.0,462.0
agent-4,362,random,409.0,314.0
agent-4,363,random,356.0,342.0
agent-4,364,random,395.0,393.0
agent-4,365,random,450.0,442.0
agent-4,366,random,444.0,381.0
agent-4,367,random,402.0,346.0
agent-4,368,random,429.0,363.0
agent-4,369,random,337.0,297.0
agent-4,370,random,433.0,352.0
agent-4,371,random,456.0,435.0
agent-4,372,random,274.0,337.0
agent-4,373,random,440.0,364.0
agent-4,374,random,374.0,323.0
agent-4,375,random,448.0,398.0
agent-4,376,random,469.0,394.0
agent-4,377,random,395.0,427.0
agent-4,378,random,332.0,215.0
agent-4,379,random,300.0,315.0
agent-4,380,random,482.0,473.0
agent-4,381,random,440.0,345.0
agent-4,382,random,412.0,393.0
agent-4,383,random,434.0,290.0
agent-4,384,random,466.0,375.0
agent-4,385,random,474.0,385.0
agent-4,386,random,464.0,463.0
agent-4,387,random,451.0,401.0
agent-4,388,random,388.0,374.0
agent-4,389,random,376.0,334.0
agent-4,390,random,459.0,424.0
agent-4,391,random,352.0,400.0
agent-4,392,random,432.0,455.0
agent-4,393,random,400.0,349.0
agent-4,394,random,379.0,251.0
agent-4,395,random,380.0,318.0
agent-4,396,random,458.0,362.0
agent-4,397,random,325.0,285.0
agent-4,398,random,399.0,274.0
agent-4,399,random,301.0,294.0
agent-4,400,random,408.0,378.0
agent-4,401,random,465.0,421.0
agent-4,402,random,384.0,357.0
agent-4,403,random,503.0,370.0
agent-4,404,random,365.0,301.0
agent-4,405,random,491.0,407.0
agent-4,406,random,377.0,284.0
agent-4,407,random,337.0,292.0
agent-4,408,random,400.0,340.0
agent-4,409,random,324.0,306.0
agent-4,410,random,423.0,333.0
agent-4,411,random,343.0,342.0
agent-4,412,random,480.0,411.0
agent-4,413,random,492.0,366.0
agent-4,414,random,461.0,370.0
agent-4,415,random,428.0,400.0
agent-4,416,random,387.0,425.0
agent-4,417,random,402.0,211.0
agent-4,418,random,511.0,468.0
agent-4,419,random,286.0,364.0
agent-4,420,random,448.0,384.0
agent-4,421,random,455.0,490.0
agent-4,422,random,494.0,459.0
agent-4,423,random,311.0,322.0
agent-4,424,random,454.0,349.0
agent-4,425,random,354.0,344.0
agent-4,426,random,418.0,411.0
agent-4,427,random,488.0,351.0
agent-4,428,random,396.0,296.0
agent-4,429,random,386.0,362.0
agent-4,430,random,448.0,375.0
agent-4,431,random,494.0,507.0
agent-4,432,random,411.0,506.0
agent-4,433,random,399.0,408.0
agent-4,434,random,308.0,329.0
agent-4,435,random,349.0,314.0
agent-4,436,random,411.0,432.0
agent-4,437,random,385.0,345.0
agent-4,438,random,414.0,372.0
agent-4,439,random,313.0,358.0
agent-4,440,random,458.0,420.0
agent-4,441,random,418.0,388.0
agent-4,442,random,509.0,420.0
agent-4,443,random,379.0,424.0
agent-4,444,random,515.0,433.0
agent-4,445,random,404.0,433.0
agent-4,446,random,402.0,414.0
agent-4,447,random,310.0,336.0
agent-4,448,random,437.0,400.0
agent-4,449,random,534.0,464.0
agent-4,450,random,369.0,361.0
agent-4,451,random,363.0,380.0
agent-4,452,random,301.0,304.0
agent-4,453,random,459.0,388.0
agent-4,454,random,419.0,369.0
agent-4,455,random,445.0,394.0
agent-4,456,random,386.0,283.0
agent-4,457,random,305.0,333.0
agent-4,458,random,354.0,416.0
agent-4,459,random,513.0,423.0
agent-4,460,random,427.0,295.0
agent-4,461,random,365.0,371.0
agent-4,462,random,389.0,354.0
agent-4,463,random,388.0,343.0
agent-4,464,random,373.0,418.0
agent-4,465,random,350.0,308.0
agent-4,466,random,419.0,386.0
agent-4,467,random,426.0,383.0
agent-4,468,random,473.0,346.0
agent-4,469,random,461.0,392.0
agent-4,470,random,452.0,368.0
agent-4,471,random,345.0,374.0
agent-4,472,random,373.0,352.0
agent-4,473,random,314.0,329.0
agent-4,474,random,524.0,435.0
agent-4,475,random,424.0,450.0
agent-4,476,random,413.0,418.0
agent-4,477,random,386.0,325.0
agent-4,478,random,419.0,323.0
agent-4,479,random,479.0,366.0
agent-4,480,random,301.0,301.0
agent-4,481,random,433.0,364.0
agent-4,482,random,467.0,391.0
agent-4,483,random,381.0,377.0
agent-4,484,random,398.0,433.0
agent-4,485,random,486.0,397.0
agent-4,486,random,473.0,444.0
agent-4,487,random,433.0,468.0
agent-4,488,random,380.0,412.0
agent-4,489,random,428.0,481.0
agent-4,490,random,438.0,361.0
agent-4,491,random,374.0,445.0
agent-4,492,random,422.0,393.0
agent-4,493,random,408.0,306.0
agent-4,494,random,448.0,392.0
agent-4,495,random,414.0,367.0
agent-4,496,random,409.0,348.0
agent-4,497,random,332.0,322.0
agent-4,498,random,424.0,500.0
agent-4,499,random,412.0,385.0
agent-4,500,random,470.0,295.0
