agent-0,1,idle,320.0,148.0
agent-0,2,idle,295.0,190.0
agent-0,3,idle,219.0,141.0
agent-0,4,idle,537.0,447.0
agent-0,5,idle,348.0,283.0
agent-0,6,idle,543.0,335.0
agent-0,7,idle,443.0,376.0
agent-0,8,idle,323.0,84.0
agent-0,9,idle,287.0,98.0
agent-0,10,idle,373.0,240.0
agent-0,11,idle,435.0,284.0
agent-0,12,idle,232.0,112.0
agent-0,13,idle,492.0,333.0
agent-0,14,idle,296.0,249.0
agent-0,15,idle,337.0,288.0
agent-0,16,idle,574.0,411.0
agent-0,17,idle,415.0,286.0
agent-0,18,idle,245.0,139.0
agent-0,19,idle,368.0,237.0
agent-0,20,idle,308.0,303.0
agent-0,21,idle,579.0,475.0
agent-0,22,idle,342.0,148.0
agent-0,23,idle,365.0,293.0
agent-0,24,idle,248.0,120.0
agent-0,25,idle,121.0,0.0
agent-0,26,idle,339.0,248.0
agent-0,27,idle,347.0,255.0
agent-0,28,idle,414.0,269.0
agent-0,29,idle,383.0,265.0
agent-0,30,idle,598.0,476.0
agent-0,31,idle,291.0,169.0
agent-0,32,idle,472.0,401.0
agent-0,33,idle,562.0,351.0
agent-0,34,idle,515.0,288.0
agent-0,35,idle,307.0,272.0
agent-0,36,idle,403.0,354.0
agent-0,37,idle,409.0,262.0
agent-0,38,idle,539.0,468.0
agent-0,39,idle,577.0,498.0
agent-0,40,idle,445.0,258.0
agent-0,41,idle,394.0,286.0
agent-0,42,idle,402.0,237.0
agent-0,43,idle,417.0,228.0
agent-0,44,idle,384.0,224.0
agent-0,45,idle,516.0,351.0
agent-0,46,idle,461.0,348.0
agent-0,47,idle,407.0,254.0
agent-0,48,idle,406.0,188.0
agent-0,49,idle,126.0,0.0
agent-0,50,idle,198.0,0.0
agent-0,51,idle,120.0,0.0
agent-0,52,idle,405.0,257.0
agent-0,53,idle,242.0,114.0
agent-0,54,idle,385.0,407.0
agent-0,55,idle,259.0,93.0
agent-0,56,idle,427.0,387.0
agent-0,57,idle,420.0,251.0
agent-0,58,idle,232.0,165.0
agent-0,59,idle,456.0,407.0
agent-0,60,idle,412.0,208.0
agent-0,61,idle,588.0,469.0
agent-0,62,idle,416.0,227.0
agent-0,63,idle,441.0,320.0
agent-0,64,idle,189.0,103.0
agent-0,65,idle,449.0,367.0
agent-0,66,idle,445.0,292.0
agent-0,67,idle,411.0,261.0
agent-0,68,idle,371.0,264.0
agent-0,69,idle,393.0,243.0
agent-0,70,idle,432.0,376.0
agent-0,71,idle,271.0,165.0
agent-0,72,idle,237.0,149.0
agent-0,73,idle,321.0,73.0
agent-0,74,idle,487.0,399.0
agent-0,75,idle,511.0,513.0
agent-0,76,idle,384.0,334.0
agent-0,77,idle,414.0,235.0
agent-0,78,idle,448.0,325.0
agent-0,79,idle,249.0,56.0
agent-0,80,idle,476.0,341.0
agent-0,81,idle,597.0,476.0
agent-0,82,idle,308.0,152.0
agent-0,83,idle,246.0,155.0
agent-0,84,idle,387.0,242.0
agent-0,85,idle,443.0,295.0
agent-0,86,idle,448.0,257.0
agent-0,87,idle,371.0,237.0
agent-0,88,idle,458.0,392.0
agent-0,89,idle,540.0,373.0
agent-0,90,idle,499.0,405.0
agent-0,91,idle,339.0,226.0
agent-0,92,idle,280.0,279.0
agent-0,93,idle,280.0,139.0
agent-0,94,idle,393.0,315.0
agent-0,95,idle,300.0,168.0
agent-0,96,idle,389.0,315.0
agent-0,97,idle,255.0,289.0
agent-0,98,idle,283.0,194.0
agent-0,99,idle,272.0,153.0
agent-0,100,idle,368.0,304.0
agent-0,101,idle,189.0,0.0
agent-0,102,idle,252.0,68.0
agent-0,103,idle,271.0,141.0
agent-0,104,idle,495.0,401.0
agent-0,105,idle,324.0,244.0
agent-0,106,idle,305.0,114.0
agent-0,107,idle,311.0,171.0
agent-0,108,idle,544.0,438.0
agent-0,109,idle,618.0,475.0
agent-0,110,idle,518.0,402.0
agent-0,111,idle,176.0,0.0
agent-0,112,idle,435.0,268.0
agent-0,113,idle,344.0,195.0
agent-0,114,idle,468.0,288.0
agent-0,115,idle,402.0,366.0
agent-0,116,idle,256.0,156.0
agent-0,117,idle,402.0,345.0
agent-0,118,idle,310.0,161.0
agent-0,119,idle,367.0,230.0
agent-0,120,idle,426.0,226.0
agent-0,121,idle,450.0,347.0
agent-0,122,idle,531.0,446.0
agent-0,123,idle,390.0,229.0
agent-0,124,idle,393.0,293.0
agent-0,125,idle,502.0,357.0
agent-0,126,idle,489.0,321.0
agent-0,127,idle,493.0,371.0
agent-0,128,idle,255.0,127.0
agent-0,129,idle,335.0,232.0
agent-0,130,idle,360.0,259.0
agent-0,131,idle,345.0,231.0
agent-0,132,idle,525.0,428.0
agent-0,133,idle,478.0,316.0
agent-0,134,idle,221.0,106.0
agent-0,135,idle,322.0,175.0
agent-0,136,idle,434.0,339.0
agent-0,137,idle,386.0,283.0
agent-0,138,idle,248.0,84.0
agent-0,139,idle,326.0,165.0
agent-0,140,idle,413.0,241.0
agent-0,141,idle,439.0,352.0
agent-0,142,idle,398.0,297.0
agent-0,143,idle,464.0,319.0
agent-0,144,idle,462.0,334.0
agent-0,145,idle,389.0,212.0
agent-0,146,idle,355.0,228.0
agent-0,147,idle,278.0,119.0
agent-0,148,idle,388.0,197.0
agent-0,149,idle,378.0,154.0
agent-0,150,idle,325.0,224.0
agent-0,151,idle,345.0,185.0
agent-0,152,idle,440.0,345.0
agent-0,153,idle,497.0,433.0
agent-0,154,idle,576.0,395.0
agent-0,155,idle,447.0,196.0
agent-0,156,idle,318.0,123.0
agent-0,157,idle,302.0,137.0
agent-0,158,idle,376.0,308.0
agent-0,159,idle,119.0,0.0
agent-0,160,idle,376.0,247.0
agent-0,161,idle,436.0,318.0
agent-0,162,idle,315.0,110.0
agent-0,163,idle,520.0,527.0
agent-0,164,idle,404.0,356.0
agent-0,165,idle,446.0,294.0
agent-0,166,idle,331.0,311.0
agent-0,167,idle,496.0,522.0
agent-0,168,idle,251.0,103.0
agent-0,169,idle,306.0,191.0
agent-0,170,idle,477.0,342.0
agent-0,171,idle,470.0,401.0
agent-0,172,idle,331.0,245.0
agent-0,173,idle,242.0,115.0
agent-0,174,idle,404.0,238.0
agent-0,175,idle,177.0,0.0
agent-0,176,idle,262.0,157.0
agent-0,177,idle,493.0,435.0
agent-0,178,idle,191.0,0.0
agent-0,179,idle,533.0,366.0
agent-0,180,idle,397.0,219.0
agent-0,181,idle,175.0,0.0
agent-0,182,idle,493.0,335.0
agent-0,183,idle,267.0,101.0
agent-0,184,idle,296.0,179.0
agent-0,185,idle,414.0,247.0
agent-0,186,idle,447.0,288.0
agent-0,187,idle,375.0,206.0
agent-0,188,idle,463.0,344.0
agent-0,189,idle,426.0,305.0
agent-0,190,idle,287.0,153.0
agent-0,191,idle,429.0,337.0
agent-0,192,idle,482.0,282.0
agent-0,193,idle,424.0,192.0
agent-0,194,idle,453.0,411.0
agent-0,195,idle,388.0,400.0
agent-0,196,idle,255.0,111.0
agent-0,197,idle,307.0,218.0
agent-0,198,idle,281.0,200.0
agent-0,199,idle,503.0,334.0
agent-0,200,idle,566.0,482.0
agent-0,201,idle,414.0,211.0
agent-0,202,idle,307.0,117.0
agent-0,203,idle,402.0,274.0
agent-0,204,idle,369.0,169.0
agent-0,205,idle,426.0,217.0
agent-0,206,idle,289.0,159.0
agent-0,207,idle,176.0,0.0
agent-0,208,idle,438.0,364.0
agent-0,209,idle,359.0,159.0
agent-0,210,idle,335.0,195.0
agent-0,211,idle,462.0,397.0
agent-0,212,idle,296.0,145.0
agent-0,213,idle,375.0,241.0
agent-0,214,idle,282.0,154.0
agent-0,215,idle,432.0,340.0
agent-0,216,idle,150.0,0.0
agent-0,217,idle,357.0,296.0
agent-0,218,idle,341.0,196.0
agent-0,219,idle,260.0,153.0
agent-0,220,idle,416.0,295.0
agent-0,221,idle,346.0,201.0
agent-0,222,idle,259.0,127.0
agent-0,223,idle,451.0,288.0
agent-0,224,idle,388.0,274.0
agent-0,225,idle,265.0,151.0
agent-0,226,idle,195.0,0.0
agent-0,227,idle,317.0,145.0
agent-0,228,idle,496.0,322.0
agent-0,229,idle,167.0,0.0
agent-0,230,idle,258.0,133.0
agent-0,231,idle,309.0,121.0
agent-0,232,idle,364.0,289.0
agent-0,233,idle,422.0,196.0
agent-0,234,idle,210.0,151.0
agent-0,235,idle,297.0,142.0
agent-0,236,idle,401.0,282.0
agent-0,237,idle,372.0,352.0
agent-0,238,idle,377.0,224.0
agent-0,239,idle,174.0,0.0
agent-0,240,idle,449.0,344.0
agent-0,241,idle,253.0,151.0
agent-0,242,idle,371.0,303.0
agent-0,243,idle,362.0,331.0
agent-0,244,idle,490.0,330.0
agent-0,245,idle,312.0,123.0
agent-0,246,idle,452.0,271.0
agent-0,247,idle,422.0,341.0
agent-0,248,idle,345.0,206.0
agent-0,249,idle,179.0,0.0
agent-0,250,idle,211.0,0.0
agent-0,251,idle,165.0,0.0
agent-0,252,idle,145.0,0.0
agent-0,253,idle,373.0,264.0
agent-0,254,idle,360.0,216.0
agent-0,255,idle,429.0,302.0
agent-0,256,idle,396.0,247.0
agent-0,257,idle,531.0,337.0
agent-0,258,idle,556.0,432.0
agent-0,259,idle,251.0,107.0
agent-0,260,idle,414.0,269.0
agent-0,261,idle,280.0,150.0
agent-0,262,idle,392.0,247.0
agent-0,263,idle,344.0,175.0
agent-0,264,idle,375.0,265.0
agent-0,265,idle,390.0,248.0
agent-0,266,idle,465.0,332.0
agent-0,267,idle,599.0,456.0
agent-0,268,idle,279.0,185.0
agent-0,269,idle,387.0,221.0
agent-0,270,idle,462.0,409.0
agent-0,271,idle,466.0,433.0
agent-0,272,idle,442.0,281.0
agent-0,273,idle,494.0,343.0
agent-0,274,idle,479.0,288.0
agent-0,275,idle,213.0,184.0
agent-0,276,idle,336.0,211.0
agent-0,277,idle,471.0,333.0
agent-0,278,idle,364.0,252.0
agent-0,279,idle,148.0,0.0
agent-0,280,idle,292.0,64.0
agent-0,281,idle,338.0,180.0
agent-0,282,idle,501.0,358.0
agent-0,283,idle,424.0,271.0
agent-0,284,idle,296.0,97.0
agent-0,285,idle,303.0,121.0
agent-0,286,idle,391.0,268.0
agent-0,287,idle,317.0,249.0
agent-0,288,idle,304.0,173.0
agent-0,289,idle,460.0,329.0
agent-0,290,idle,424.0,262.0
agent-0,291,idle,363.0,132.0
agent-0,292,idle,464.0,390.0
agent-0,293,idle,365.0,198.0
agent-0,294,idle,419.0,299.0
agent-0,295,idle,504.0,449.0
agent-0,296,idle,512.0,431.0
agent-0,297,idle,272.0,154.0
agent-0,298,idle,308.0,245.0
agent-0,299,idle,274.0,135.0
agent-0,300,idle,326.0,351.0
agent-0,301,idle,421.0,383.0
agent-0,302,idle,363.0,198.0
agent-0,303,idle,283.0,122.0
agent-0,304,idle,249.0,130.0
agent-0,305,idle,450.0,279.0
agent-0,306,idle,475.0,376.0
agent-0,307,idle,541.0,458.0
agent-0,308,idle,422.0,403.0
agent-0,309,idle,302.0,273.0
agent-0,310,idle,283.0,110.0
agent-0,311,idle,400.0,256.0
agent-0,312,idle,147.0,0.0
agent-0,313,idle,472.0,339.0
agent-0,314,idle,489.0,291.0
agent-0,315,idle,291.0,161.0
agent-0,316,idle,591.0,443.0
agent-0,317,idle,358.0,203.0
agent-0,318,idle,142.0,0.0
agent-0,319,idle,149.0,0.0
agent-0,320,idle,569.0,510.0
agent-0,321,idle,437.0,285.0
agent-0,322,idle,448.0,357.0
agent-0,323,idle,347.0,244.0
agent-0,324,idle,154.0,0.0
agent-0,325,idle,231.0,84.0
agent-0,326,idle,452.0,332.0
agent-0,327,idle,491.0,295.0
agent-0,328,idle,474.0,401.0
agent-0,329,idle,392.0,360.0
agent-0,330,idle,124.0,0.0
agent-0,331,idle,380.0,300.0
agent-0,332,idle,464.0,318.0
agent-0,333,idle,353.0,194.0
agent-0,334,idle,433.0,308.0
agent-0,335,idle,334.0,153.0
agent-0,336,idle,348.0,179.0
agent-0,337,idle,353.0,167.0
agent-0,338,idle,489.0,513.0
agent-0,339,idle,293.0,178.0
agent-0,340,idle,379.0,224.0
agent-0,341,idle,436.0,294.0
agent-0,342,idle,292.0,142.0
agent-0,343,idle,359.0,250.0
agent-0,344,idle,397.0,233.0
agent-0,345,idle,313.0,244.0
agent-0,346,idle,510.0,345.0
agent-0,347,idle,139.0,0.0
agent-0,348,idle,291.0,179.0
agent-0,349,idle,409.0,407.0
agent-0,350,idle,378.0,286.0
agent-0,351,idle,488.0,370.0
agent-0,352,idle,479.0,414.0
agent-0,353,idle,390.0,232.0
agent-0,354,idle,253.0,157.0
agent-0,355,idle,457.0,325.0
agent-0,356,idle,378.0,294.0
agent-0,357,idle,376.0,259.0
agent-0,358,idle,252.0,117.0
agent-0,359,idle,398.0,234.0
agent-0,360,idle,361.0,234.0
agent-0,361,idle,502.0,296.0
agent-0,362,idle,502.0,384.0
agent-0,363,idle,192.0,77.0
agent-0,364,idle,475.0,330.0
agent-0,365,idle,295.0,112.0
agent-0,366,idle,290.0,109.0
agent-0,367,idle,353.0,259.0
agent-0,368,idle,348.0,185.0
agent-0,369,idle,334.0,225.0
agent-0,370,idle,372.0,210.0
agent-0,371,idle,318.0,219.0
agent-0,372,idle,501.0,474.0
agent-0,373,idle,350.0,142.0
agent-0,374,idle,322.0,154.0
agent-0,375,idle,311.0,138.0
agent-0,376,idle,419.0,374.0
agent-0,377,idle,382.0,134.0
agent-0,378,idle,503.0,458.0
agent-0,379,idle,111.0,0.0
agent-0,380,idle,477.0,372.0
agent-0,381,idle,477.0,491.0
agent-0,382,idle,446.0,280.0
agent-0,383,idle,417.0,312.0
agent-0,384,idle,393.0,212.0
agent-0,385,idle,127.0,0.0
agent-0,386,idle,417.0,214.0
agent-0,387,idle,338.0,375.0
agent-0,388,idle,390.0,322.0
agent-0,389,idle,212.0,148.0
agent-0,390,idle,390.0,253.0
agent-0,391,idle,579.0,477.0
agent-0,392,idle,357.0,198.0
agent-0,393,idle,215.0,130.0
agent-0,394,idle,414.0,286.0
agent-0,395,idle,415.0,299.0
agent-0,396,idle,397.0,221.0
agent-0,397,idle,355.0,224.0
agent-0,398,idle,389.0,253.0
agent-0,399,idle,413.0,364.0
agent-0,400,idle,229.0,117.0
agent-0,401,idle,534.0,334.0
agent-0,402,idle,427.0,284.0
agent-0,403,idle,498.0,298.0
agent-0,404,idle,292.0,109.0
agent-0,405,idle,236.0,81.0
agent-0,406,idle,360.0,321.0
agent-0,407,idle,216.0,108.0
agent-0,408,idle,450.0,386.0
agent-0,409,idle,437.0,331.0
agent-0,410,idle,387.0,319.0
agent-0,411,idle,163.0,0.0
agent-0,412,idle,502.0,381.0
agent-0,413,idle,559.0,424.0
agent-0,414,idle,597.0,479.0
agent-0,415,idle,503.0,430.0
agent-0,416,idle,480.0,419.0
agent-0,417,idle,483.0,375.0
agent-0,418,idle,373.0,218.0
agent-0,419,idle,518.0,275.0
agent-0,420,idle,366.0,364.0
agent-0,421,idle,257.0,173.0
agent-0,422,idle,423.0,359.0
agent-0,423,idle,443.0,239.0
agent-0,424,idle,356.0,274.0
agent-0,425,idle,165.0,0.0
agent-0,426,idle,376.0,270.0
agent-0,427,idle,383.0,299.0
agent-0,428,idle,444.0,374.0
agent-0,429,idle,169.0,0.0
agent-0,430,idle,350.0,430.0
agent-0,431,idle,426.0,301.0
agent-0,432,idle,433.0,393.0
agent-0,433,idle,366.0,241.0
agent-0,434,idle,517.0,380.0
agent-0,435,idle,468.0,262.0
agent-0,436,idle,578.0,447.0
agent-0,437,idle,319.0,291.0
agent-0,438,idle,306.0,130.0
agent-0,439,idle,467.0,302.0
agent-0,440,idle,390.0,258.0
agent-0,441,idle,399.0,322.0
agent-0,442,idle,253.0,92.0
agent-0,443,idle,373.0,284.0
agent-0,444,idle,447.0,377.0
agent-0,445,idle,311.0,164.0
agent-0,446,idle,149.0,0.0
agent-0,447,idle,300.0,225.0
agent-0,448,idle,292.0,250.0
agent-0,449,idle,242.0,190.0
agent-0,450,idle,362.0,262.0
agent-0,451,idle,276.0,267.0
agent-0,452,idle,255.0,249.0
agent-0,453,idle,192.0,0.0
agent-0,454,idle,442.0,376.0
agent-0,455,idle,393.0,277.0
agent-0,456,idle,386.0,280.0
agent-0,457,idle,301.0,92.0
agent-0,458,idle,326.0,276.0
agent-0,459,idle,165.0,0.0
agent-0,460,idle,365.0,265.0
agent-0,461,idle,339.0,194.0
agent-0,462,idle,296.0,102.0
agent-0,463,idle,390.0,240.0
agent-0,464,idle,479.0,365.0
agent-0,465,idle,215.0,145.0
agent-0,466,idle,478.0,339.0
agent-0,467,idle,378.0,256.0
agent-0,468,idle,499.0,363.0
agent-0,469,idle,449.0,308.0
agent-0,470,idle,317.0,151.0
agent-0,471,idle,153.0,0.0
agent-0,472,idle,271.0,126.0
agent-0,473,idle,311.0,129.0
agent-0,474,idle,435.0,446.0
agent-0,475,idle,372.0,232.0
agent-0,476,idle,440.0,268.0
agent-0,477,idle,283.0,153.0
agent-0,478,idle,478.0,361.0
agent-0,479,idle,286.0,91.0
agent-0,480,idle,273.0,200.0
agent-0,481,idle,386.0,244.0
agent-0,482,idle,171.0,0.0
agent-0,483,idle,338.0,243.0
agent-0,484,idle,440.0,219.0
agent-0,485,idle,309.0,130.0
agent-0,486,idle,487.0,493.0
agent-0,487,idle,489.0,361.0
agent-0,488,idle,400.0,527.0
agent-0,489,idle,301.0,101.0
agent-0,490,idle,302.0,214.0
agent-0,491,idle,384.0,260.0
agent-0,492,idle,455.0,389.0
agent-0,493,idle,447.0,397.0
agent-0,494,idle,466.0,276.0
agent-0,495,idle,255.0,127.0
agent-0,496,idle,255.0,196.0
agent-0,497,idle,322.0,230.0
agent-0,498,idle,577.0,461.0
agent-0,499,idle,182.0,0.0
agent-0,500,idle,154.0,0.0
agent-1,1,idle,199.0,127.0
agent-1,2,idle,439.0,382.0
agent-1,3,idle,459.0,423.0
agent-1,4,idle,130.0,0.0
agent-1,5,idle,441.0,444.0
agent-1,6,idle,455.0,382.0
agent-1,7,idle,162.0,0.0
agent-1,8,idle,355.0,253.0
agent-1,9,idle,390.0,214.0
agent-1,10,idle,491.0,385.0
agent-1,11,idle,434.0,422.0
agent-1,12,idle,328.0,263.0
agent-1,13,idle,339.0,188.0
agent-1,14,idle,158.0,0.0
agent-1,15,idle,468.0,471.0
agent-1,16,idle,367.0,273.0
agent-1,17,idle,217.0,77.0
agent-1,18,idle,360.0,261.0
agent-1,19,idle,344.0,221.0
agent-1,20,idle,109.0,0.0
agent-1,21,idle,217.0,145.0
agent-1,22,idle,594.0,466.0
agent-1,23,idle,286.0,126.0
agent-1,24,idle,335.0,221.0
agent-1,25,idle,381.0,370.0
agent-1,26,idle,474.0,360.0
agent-1,27,idle,351.0,315.0
agent-1,28,idle,369.0,265.0
agent-1,29,idle,121.0,0.0
agent-1,30,idle,109.0,0.0
agent-1,31,idle,561.0,464.0
agent-1,32,idle,416.0,250.0
agent-1,33,idle,420.0,211.0
agent-1,34,idle,486.0,390.0
agent-1,35,idle,521.0,456.0
agent-1,36,idle,391.0,263.0
agent-1,37,idle,458.0,368.0
agent-1,38,idle,265.0,141.0
agent-1,39,idle,596.0,454.0
agent-1,40,idle,237.0,150.0
agent-1,41,idle,587.0,434.0
agent-1,42,idle,333.0,202.0
agent-1,43,idle,441.0,306.0
agent-1,44,idle,238.0,93.0
agent-1,45,idle,494.0,402.0
agent-1,46,idle,415.0,236.0
agent-1,47,idle,325.0,243.0
agent-1,48,idle,439.0,411.0
agent-1,49,idle,285.0,161.0
agent-1,50,idle,290.0,251.0
agent-1,51,idle,324.0,312.0
agent-1,52,idle,525.0,451.0
agent-1,53,idle,330.0,268.0
agent-1,54,idle,463.0,490.0
agent-1,55,idle,414.0,323.0
agent-1,56,idle,210.0,172.0
agent-1,57,idle,281.0,122.0
agent-1,58,idle,593.0,488.0
agent-1,59,idle,347.0,307.0
agent-1,60,idle,143.0,0.0
agent-1,61,idle,351.0,304.0
agent-1,62,idle,416.0,335.0
agent-1,63,idle,344.0,219.0
agent-1,64,idle,482.0,393.0
agent-1,65,idle,100.0,0.0
agent-1,66,idle,376.0,295.0
agent-1,67,idle,277.0,158.0
agent-1,68,idle,304.0,252.0
agent-1,69,idle,284.0,167.0
agent-1,70,idle,406.0,305.0
agent-1,71,idle,394.0,263.0
agent-1,72,idle,292.0,237.0
agent-1,73,idle,611.0,445.0
agent-1,74,idle,522.0,408.0
agent-1,75,idle,311.0,257.0
agent-1,76,idle,410.0,314.0
agent-1,77,idle,280.0,167.0
agent-1,78,idle,634.0,438.0
agent-1,79,idle,229.0,188.0
agent-1,80,idle,272.0,159.0
agent-1,81,idle,467.0,470.0
agent-1,82,idle,195.0,117.0
agent-1,83,idle,489.0,318.0
agent-1,84,idle,109.0,0.0
agent-1,85,idle,374.0,324.0
agent-1,86,idle,392.0,296.0
agent-1,87,idle,398.0,237.0
agent-1,88,idle,304.0,269.0
agent-1,89,idle,321.0,182.0
agent-1,90,idle,449.0,410.0
agent-1,91,idle,416.0,286.0
agent-1,92,idle,506.0,473.0
agent-1,93,idle,361.0,332.0
agent-1,94,idle,357.0,279.0
agent-1,95,idle,439.0,366.0
agent-1,96,idle,324.0,218.0
agent-1,97,idle,338.0,251.0
agent-1,98,idle,424.0,344.0
agent-1,99,idle,328.0,276.0
agent-1,100,idle,348.0,286.0
agent-1,101,idle,340.0,270.0
agent-1,102,idle,326.0,258.0
agent-1,103,idle,355.0,251.0
agent-1,104,idle,356.0,288.0
agent-1,105,idle,467.0,291.0
agent-1,106,idle,327.0,221.0
agent-1,107,idle,570.0,504.0
agent-1,108,idle,496.0,335.0
agent-1,109,idle,421.0,264.0
agent-1,110,idle,233.0,89.0
agent-1,111,idle,368.0,246.0
agent-1,112,idle,222.0,67.0
agent-1,113,idle,464.0,302.0
agent-1,114,idle,251.0,184.0
agent-1,115,idle,194.0,137.0
agent-1,116,idle,366.0,352.0
agent-1,117,idle,368.0,265.0
agent-1,118,idle,493.0,434.0
agent-1,119,idle,296.0,143.0
agent-1,120,idle,266.0,132.0
agent-1,121,idle,371.0,244.0
agent-1,122,idle,389.0,284.0
agent-1,123,idle,326.0,291.0
agent-1,124,idle,314.0,260.0
agent-1,125,idle,398.0,256.0
agent-1,126,idle,411.0,167.0
agent-1,127,idle,498.0,374.0
agent-1,128,idle,327.0,240.0
agent-1,129,idle,250.0,148.0
agent-1,130,idle,239.0,216.0
agent-1,131,idle,126.0,0.0
agent-1,132,idle,430.0,240.0
agent-1,133,idle,291.0,93.0
agent-1,134,idle,267.0,157.0
agent-1,135,idle,360.0,283.0
agent-1,136,idle,405.0,309.0
agent-1,137,idle,379.0,270.0
agent-1,138,idle,426.0,401.0
agent-1,139,idle,507.0,396.0
agent-1,140,idle,306.0,218.0
agent-1,141,idle,368.0,290.0
agent-1,142,idle,219.0,131.0
agent-1,143,idle,359.0,237.0
agent-1,144,idle,370.0,276.0
agent-1,145,idle,378.0,434.0
agent-1,146,idle,258.0,139.0
agent-1,147,idle,331.0,279.0
agent-1,148,idle,259.0,206.0
agent-1,149,idle,154.0,0.0
agent-1,150,idle,407.0,275.0
agent-1,151,idle,510.0,353.0
agent-1,152,idle,169.0,149.0
agent-1,153,idle,491.0,413.0
agent-1,154,idle,314.0,252.0
agent-1,155,idle,291.0,104.0
agent-1,156,idle,440.0,433.0
agent-1,157,idle,511.0,434.0
agent-1,158,idle,257.0,119.0
agent-1,159,idle,331.0,314.0
agent-1,160,idle,357.0,159.0
agent-1,161,idle,224.0,158.0
agent-1,162,idle,461.0,415.0
agent-1,163,idle,113.0,0.0
agent-1,164,idle,273.0,109.0
agent-1,165,idle,149.0,0.0
agent-1,166,idle,347.0,283.0
agent-1,167,idle,382.0,265.0
agent-1,168,idle,424.0,385.0
agent-1,169,idle,433.0,254.0
agent-1,170,idle,112.0,0.0
agent-1,171,idle,209.0,167.0
agent-1,172,idle,528.0,465.0
agent-1,173,idle,273.0,149.0
agent-1,174,idle,421.0,287.0
agent-1,175,idle,520.0,400.0
agent-1,176,idle,460.0,358.0
agent-1,177,idle,268.0,155.0
agent-1,178,idle,250.0,155.0
agent-1,179,idle,478.0,447.0
agent-1,180,idle,486.0,320.0
agent-1,181,idle,349.0,227.0
agent-1,182,idle,460.0,419.0
agent-1,183,idle,559.0,469.0
agent-1,184,idle,516.0,405.0
agent-1,185,idle,435.0,386.0
agent-1,186,idle,422.0,360.0
agent-1,187,idle,294.0,178.0
agent-1,188,idle,362.0,255.0
agent-1,189,idle,303.0,222.0
agent-1,190,idle,311.0,212.0
agent-1,191,idle,476.0,366.0
agent-1,192,idle,348.0,294.0
agent-1,193,idle,241.0,138.0
agent-1,194,idle,252.0,159.0
agent-1,195,idle,504.0,466.0
agent-1,196,idle,193.0,121.0
agent-1,197,idle,401.0,349.0
agent-1,198,idle,372.0,247.0
agent-1,199,idle,499.0,424.0
agent-1,200,idle,504.0,295.0
agent-1,201,idle,404.0,229.0
agent-1,202,idle,406.0,237.0
agent-1,203,idle,462.0,458.0
agent-1,204,idle,565.0,514.0
agent-1,205,idle,62.0,0.0
agent-1,206,idle,552.0,479.0
agent-1,207,idle,496.0,505.0
agent-1,208,idle,427.0,360.0
agent-1,209,idle,426.0,218.0
agent-1,210,idle,169.0,0.0
agent-1,211,idle,603.0,530.0
agent-1,212,idle,233.0,160.0
agent-1,213,idle,270.0,137.0
agent-1,214,idle,481.0,374.0
agent-1,215,idle,335.0,293.0
agent-1,216,idle,315.0,168.0
agent-1,217,idle,259.0,189.0
agent-1,218,idle,352.0,271.0
agent-1,219,idle,472.0,441.0
agent-1,220,idle,302.0,252.0
agent-1,221,idle,461.0,379.0
agent-1,222,idle,378.0,348.0
agent-1,223,idle,264.0,169.0
agent-1,224,idle,478.0,418.0
agent-1,225,idle,372.0,339.0
agent-1,226,idle,564.0,523.0
agent-1,227,idle,475.0,472.0
agent-1,228,idle,506.0,327.0
agent-1,229,idle,356.0,208.0
agent-1,230,idle,357.0,282.0
agent-1,231,idle,506.0,434.0
agent-1,232,idle,292.0,169.0
agent-1,233,idle,414.0,360.0
agent-1,234,idle,331.0,260.0
agent-1,235,idle,264.0,118.0
agent-1,236,idle,128.0,0.0
agent-1,237,idle,416.0,269.0
agent-1,238,idle,512.0,390.0
agent-1,239,idle,231.0,144.0
agent-1,240,idle,526.0,356.0
agent-1,241,idle,426.0,370.0
agent-1,242,idle,118.0,0.0
agent-1,243,idle,353.0,295.0
agent-1,244,idle,326.0,138.0
agent-1,245,idle,301.0,175.0
agent-1,246,idle,482.0,405.0
agent-1,247,idle,331.0,136.0
agent-1,248,idle,446.0,384.0
agent-1,249,idle,382.0,228.0
agent-1,250,idle,294.0,170.0
agent-1,251,idle,624.0,536.0
agent-1,252,idle,579.0,526.0
agent-1,253,idle,285.0,134.0
agent-1,254,idle,435.0,397.0
agent-1,255,idle,161.0,0.0
agent-1,256,idle,157.0,0.0
agent-1,257,idle,279.0,128.0
agent-1,258,idle,553.0,447.0
agent-1,259,idle,444.0,446.0
agent-1,260,idle,499.0,268.0
agent-1,261,idle,246.0,194.0
agent-1,262,idle,306.0,170.0
agent-1,263,idle,254.0,184.0
agent-1,264,idle,221.0,126.0
agent-1,265,idle,405.0,304.0
agent-1,266,idle,375.0,253.0
agent-1,267,idle,363.0,319.0
agent-1,268,idle,424.0,398.0
agent-1,269,idle,414.0,270.0
agent-1,270,idle,542.0,460.0
agent-1,271,idle,429.0,353.0
agent-1,272,idle,509.0,340.0
agent-1,273,idle,448.0,359.0
agent-1,274,idle,534.0,354.0
agent-1,275,idle,142.0,0.0
agent-1,276,idle,279.0,139.0
agent-1,277,idle,358.0,324.0
agent-1,278,idle,352.0,200.0
agent-1,279,idle,350.0,282.0
agent-1,280,idle,478.0,389.0
agent-1,281,idle,481.0,428.0
agent-1,282,idle,246.0,188.0
agent-1,283,idle,357.0,316.0
agent-1,284,idle,334.0,347.0
agent-1,285,idle,360.0,345.0
agent-1,286,idle,354.0,251.0
agent-1,287,idle,309.0,269.0
agent-1,288,idle,309.0,231.0
agent-1,289,idle,398.0,369.0
agent-1,290,idle,452.0,443.0
agent-1,291,idle,459.0,381.0
agent-1,292,idle,210.0,81.0
agent-1,293,idle,367.0,279.0
agent-1,294,idle,468.0,420.0
agent-1,295,idle,449.0,440.0
agent-1,296,idle,213.0,130.0
agent-1,297,idle,407.0,292.0
agent-1,298,idle,630.0,515.0
agent-1,299,idle,408.0,270.0
agent-1,300,idle,344.0,148.0
agent-1,301,idle,260.0,216.0
agent-1,302,idle,393.0,333.0
agent-1,303,idle,354.0,330.0
agent-1,304,idle,130.0,121.0
agent-1,305,idle,305.0,281.0
agent-1,306,idle,443.0,403.0
agent-1,307,idle,464.0,340.0
agent-1,308,idle,308.0,255.0
agent-1,309,idle,361.0,290.0
agent-1,310,idle,532.0,450.0
agent-1,311,idle,457.0,468.0
agent-1,312,idle,432.0,396.0
agent-1,313,idle,372.0,269.0
agent-1,314,idle,378.0,207.0
agent-1,315,idle,444.0,381.0
agent-1,316,idle,278.0,111.0
agent-1,317,idle,245.0,167.0
agent-1,318,idle,447.0,295.0
agent-1,319,idle,329.0,311.0
agent-1,320,idle,421.0,256.0
agent-1,321,idle,242.0,185.0
agent-1,322,idle,507.0,445.0
agent-1,323,idle,459.0,392.0
agent-1,324,idle,212.0,160.0
agent-1,325,idle,380.0,208.0
agent-1,326,idle,475.0,420.0
agent-1,327,idle,526.0,380.0
agent-1,328,idle,250.0,126.0
agent-1,329,idle,511.0,534.0
agent-1,330,idle,499.0,566.0
agent-1,331,idle,395.0,409.0
agent-1,332,idle,361.0,319.0
agent-1,333,idle,465.0,480.0
agent-1,334,idle,419.0,302.0
agent-1,335,idle,598.0,432.0
agent-1,336,idle,538.0,414.0
agent-1,337,idle,355.0,244.0
agent-1,338,idle,225.0,167.0
agent-1,339,idle,270.0,133.0
agent-1,340,idle,376.0,402.0
agent-1,341,idle,335.0,293.0
agent-1,342,idle,455.0,283.0
agent-1,343,idle,525.0,429.0
agent-1,344,idle,229.0,125.0
agent-1,345,idle,345.0,256.0
agent-1,346,idle,162.0,0.0
agent-1,347,idle,408.0,278.0
agent-1,348,idle,492.0,384.0
agent-1,349,idle,439.0,411.0
agent-1,350,idle,403.0,272.0
agent-1,351,idle,397.0,264.0
agent-1,352,idle,278.0,110.0
agent-1,353,idle,396.0,320.0
agent-1,354,idle,506.0,421.0
agent-1,355,idle,277.0,132.0
agent-1,356,idle,268.0,143.0
agent-1,357,idle,383.0,365.0
agent-1,358,idle,184.0,101.0
agent-1,359,idle,255.0,133.0
agent-1,360,idle,242.0,173.0
agent-1,361,idle,280.0,170.0
agent-1,362,idle,205.0,175.0
agent-1,363,idle,328.0,223.0
agent-1,364,idle,419.0,240.0
agent-1,365,idle,515.0,367.0
agent-1,366,idle,283.0,237.0
agent-1,367,idle,324.0,281.0
agent-1,368,idle,283.0,229.0
agent-1,369,idle,406.0,300.0
agent-1,370,idle,507.0,380.0
agent-1,371,idle,475.0,425.0
agent-1,372,idle,463.0,372.0
agent-1,373,idle,539.0,444.0
agent-1,374,idle,165.0,111.0
agent-1,375,idle,381.0,274.0
agent-1,376,idle,525.0,410.0
agent-1,377,idle,369.0,299.0
agent-1,378,idle,347.0,269.0
agent-1,379,idle,347.0,290.0
agent-1,380,idle,472.0,367.0
agent-1,381,idle,468.0,384.0
agent-1,382,idle,363.0,267.0
agent-1,383,idle,104.0,0.0
agent-1,384,idle,500.0,441.0
agent-1,385,idle,528.0,450.0
agent-1,386,idle,381.0,333.0
agent-1,387,idle,550.0,440.0
agent-1,388,idle,453.0,381.0
agent-1,389,idle,504.0,416.0
agent-1,390,idle,373.0,254.0
agent-1,391,idle,351.0,305.0
agent-1,392,idle,267.0,136.0
agent-1,393,idle,459.0,365.0
agent-1,394,idle,412.0,325.0
agent-1,395,idle,269.0,134.0
agent-1,396,idle,320.0,291.0
agent-1,397,idle,466.0,431.0
agent-1,398,idle,252.0,145.0
agent-1,399,idle,367.0,279.0
agent-1,400,idle,491.0,493.0
agent-1,401,idle,313.0,255.0
agent-1,402,idle,326.0,290.0
agent-1,403,idle,509.0,445.0
agent-1,404,idle,399.0,336.0
agent-1,405,idle,240.0,186.0
agent-1,406,idle,379.0,263.0
agent-1,407,idle,248.0,136.0
agent-1,408,idle,418.0,415.0
agent-1,409,idle,454.0,359.0
agent-1,410,idle,230.0,162.0
agent-1,411,idle,361.0,301.0
agent-1,412,idle,343.0,271.0
agent-1,413,idle,398.0,289.0
agent-1,414,idle,308.0,272.0
agent-1,415,idle,478.0,391.0
agent-1,416,idle,420.0,359.0
agent-1,417,idle,386.0,293.0
agent-1,418,idle,281.0,145.0
agent-1,419,idle,343.0,116.0
agent-1,420,idle,260.0,136.0
agent-1,421,idle,468.0,431.0
agent-1,422,idle,514.0,369.0
agent-1,423,idle,395.0,372.0
agent-1,424,idle,229.0,138.0
agent-1,425,idle,354.0,208.0
agent-1,426,idle,493.0,425.0
agent-1,427,idle,372.0,326.0
agent-1,428,idle,433.0,446.0
agent-1,429,idle,582.0,506.0
agent-1,430,idle,358.0,301.0
agent-1,431,idle,435.0,297.0
agent-1,432,idle,289.0,189.0
agent-1,433,idle,239.0,165.0
agent-1,434,idle,463.0,416.0
agent-1,435,idle,458.0,354.0
agent-1,436,idle,389.0,295.0
agent-1,437,idle,455.0,383.0
agent-1,438,idle,446.0,396.0
agent-1,439,idle,330.0,352.0
agent-1,440,idle,439.0,371.0
agent-1,441,idle,253.0,166.0
agent-1,442,idle,345.0,255.0
agent-1,443,idle,370.0,204.0
agent-1,444,idle,393.0,179.0
agent-1,445,idle,385.0,293.0
agent-1,446,idle,452.0,332.0
agent-1,447,idle,443.0,331.0
agent-1,448,idle,288.0,156.0
agent-1,449,idle,459.0,371.0
agent-1,450,idle,153.0,0.0
agent-1,451,idle,308.0,230.0
agent-1,452,idle,512.0,404.0
agent-1,453,idle,459.0,373.0
agent-1,454,idle,527.0,356.0
agent-1,455,idle,172.0,176.0
agent-1,456,idle,211.0,138.0
agent-1,457,idle,305.0,196.0
agent-1,458,idle,497.0,448.0
agent-1,459,idle,496.0,396.0
agent-1,460,idle,115.0,105.0
agent-1,461,idle,484.0,371.0
agent-1,462,idle,371.0,308.0
agent-1,463,idle,553.0,395.0
agent-1,464,idle,568.0,481.0
agent-1,465,idle,181.0,161.0
agent-1,466,idle,332.0,311.0
agent-1,467,idle,420.0,268.0
agent-1,468,idle,281.0,162.0
agent-1,469,idle,360.0,206.0
agent-1,470,idle,506.0,343.0
agent-1,471,idle,411.0,259.0
agent-1,472,idle,229.0,141.0
agent-1,473,idle,429.0,347.0
agent-1,474,idle,109.0,0.0
agent-1,475,idle,416.0,473.0
agent-1,476,idle,393.0,370.0
agent-1,477,idle,257.0,196.0
agent-1,478,idle,250.0,158.0
agent-1,479,idle,414.0,332.0
agent-1,480,idle,292.0,293.0
agent-1,481,idle,537.0,417.0
agent-1,482,idle,390.0,307.0
agent-1,483,idle,371.0,237.0
agent-1,484,idle,189.0,141.0
agent-1,485,idle,512.0,375.0
agent-1,486,idle,277.0,163.0
agent-1,487,idle,456.0,380.0
agent-1,488,idle,390.0,319.0
agent-1,489,idle,376.0,303.0
agent-1,490,idle,447.0,308.0
agent-1,491,idle,423.0,327.0
agent-1,492,idle,312.0,236.0
agent-1,493,idle,545.0,449.0
agent-1,494,idle,251.0,173.0
agent-1,495,idle,481.0,388.0
agent-1,496,idle,452.0,422.0
agent-1,497,idle,268.0,185.0
agent-1,498,idle,396.0,298.0
agent-1,499,idle,340.0,250.0
agent-1,500,idle,300.0,319.0
agent-2,1,idle,263.0,134.0
agent-2,2,idle,296.0,185.0
agent-2,3,idle,387.0,248.0
agent-2,4,idle,466.0,384.0
agent-2,5,idle,498.0,396.0
agent-2,6,idle,275.0,180.0
agent-2,7,idle,473.0,384.0
agent-2,8,idle,395.0,415.0
agent-2,9,idle,323.0,247.0
agent-2,10,idle,369.0,294.0
agent-2,11,idle,332.0,211.0
agent-2,12,idle,486.0,403.0
agent-2,13,idle,252.0,122.0
agent-2,14,idle,174.0,0.0
agent-2,15,idle,433.0,329.0
agent-2,16,idle,320.0,251.0
agent-2,17,idle,207.0,126.0
agent-2,18,idle,429.0,424.0
agent-2,19,idle,430.0,211.0
agent-2,20,idle,313.0,134.0
agent-2,21,idle,353.0,383.0
agent-2,22,idle,513.0,424.0
agent-2,23,idle,412.0,283.0
agent-2,24,idle,448.0,304.0
agent-2,25,idle,448.0,301.0
agent-2,26,idle,403.0,283.0
agent-2,27,idle,459.0,392.0
agent-2,28,idle,376.0,256.0
agent-2,29,idle,429.0,280.0
agent-2,30,idle,413.0,341.0
agent-2,31,idle,447.0,379.0
agent-2,32,idle,205.0,97.0
agent-2,33,idle,247.0,238.0
agent-2,34,idle,291.0,262.0
agent-2,35,idle,423.0,177.0
agent-2,36,idle,336.0,246.0
agent-2,37,idle,393.0,209.0
agent-2,38,idle,181.0,0.0
agent-2,39,idle,334.0,170.0
agent-2,40,idle,306.0,105.0
agent-2,41,idle,403.0,346.0
agent-2,42,idle,270.0,148.0
agent-2,43,idle,245.0,121.0
agent-2,44,idle,208.0,50.0
agent-2,45,idle,302.0,286.0
agent-2,46,idle,349.0,224.0
agent-2,47,idle,249.0,129.0
agent-2,48,idle,403.0,301.0
agent-2,49,idle,505.0,397.0
agent-2,50,idle,469.0,315.0
agent-2,51,idle,398.0,323.0
agent-2,52,idle,562.0,513.0
agent-2,53,idle,542.0,455.0
agent-2,54,idle,335.0,386.0
agent-2,55,idle,296.0,278.0
agent-2,56,idle,243.0,109.0
agent-2,57,idle,353.0,212.0
agent-2,58,idle,351.0,210.0
agent-2,59,idle,217.0,214.0
agent-2,60,idle,393.0,289.0
agent-2,61,idle,459.0,428.0
agent-2,62,idle,408.0,281.0
agent-2,63,idle,374.0,298.0
agent-2,64,idle,444.0,380.0
agent-2,65,idle,500.0,292.0
agent-2,66,idle,342.0,288.0
agent-2,67,idle,219.0,91.0
agent-2,68,idle,488.0,482.0
agent-2,69,idle,228.0,132.0
agent-2,70,idle,357.0,268.0
agent-2,71,idle,520.0,432.0
agent-2,72,idle,366.0,258.0
agent-2,73,idle,315.0,191.0
agent-2,74,idle,238.0,123.0
agent-2,75,idle,484.0,317.0
agent-2,76,idle,481.0,431.0
agent-2,77,idle,608.0,386.0
agent-2,78,idle,475.0,392.0
agent-2,79,idle,399.0,242.0
agent-2,80,idle,468.0,355.0
agent-2,81,idle,477.0,399.0
agent-2,82,idle,405.0,245.0
agent-2,83,idle,445.0,239.0
agent-2,84,idle,252.0,163.0
agent-2,85,idle,245.0,192.0
agent-2,86,idle,371.0,326.0
agent-2,87,idle,259.0,118.0
agent-2,88,idle,216.0,133.0
agent-2,89,idle,185.0,110.0
agent-2,90,idle,361.0,344.0
agent-2,91,idle,502.0,338.0
agent-2,92,idle,295.0,164.0
agent-2,93,idle,225.0,154.0
agent-2,94,idle,297.0,263.0
agent-2,95,idle,318.0,132.0
agent-2,96,idle,328.0,254.0
agent-2,97,idle,263.0,120.0
agent-2,98,idle,275.0,171.0
agent-2,99,idle,371.0,180.0
agent-2,100,idle,318.0,328.0
agent-2,101,idle,415.0,356.0
agent-2,102,idle,285.0,225.0
agent-2,103,idle,357.0,249.0
agent-2,104,idle,254.0,185.0
agent-2,105,idle,418.0,349.0
agent-2,106,idle,243.0,144.0
agent-2,107,idle,307.0,138.0
agent-2,108,idle,347.0,194.0
agent-2,109,idle,217.0,163.0
agent-2,110,idle,311.0,147.0
agent-2,111,idle,557.0,455.0
agent-2,112,idle,472.0,378.0
agent-2,113,idle,308.0,299.0
agent-2,114,idle,406.0,371.0
agent-2,115,idle,65.0,0.0
agent-2,116,idle,477.0,308.0
agent-2,117,idle,225.0,177.0
agent-2,118,idle,246.0,207.0
agent-2,119,idle,242.0,190.0
agent-2,120,idle,501.0,352.0
agent-2,121,idle,577.0,282.0
agent-2,122,idle,227.0,169.0
agent-2,123,idle,230.0,117.0
agent-2,124,idle,385.0,267.0
agent-2,125,idle,410.0,377.0
agent-2,126,idle,266.0,144.0
agent-2,127,idle,242.0,145.0
agent-2,128,idle,479.0,370.0
agent-2,129,idle,373.0,280.0
agent-2,130,idle,412.0,223.0
agent-2,131,idle,330.0,289.0
agent-2,132,idle,354.0,306.0
agent-2,133,idle,130.0,0.0
agent-2,134,idle,486.0,365.0
agent-2,135,idle,313.0,125.0
agent-2,136,idle,374.0,293.0
agent-2,137,idle,502.0,392.0
agent-2,138,idle,363.0,403.0
agent-2,139,idle,284.0,242.0
agent-2,140,idle,339.0,292.0
agent-2,141,idle,350.0,248.0
agent-2,142,idle,510.0,403.0
agent-2,143,idle,581.0,522.0
agent-2,144,idle,238.0,154.0
agent-2,145,idle,434.0,372.0
agent-2,146,idle,328.0,249.0
agent-2,147,idle,517.0,366.0
agent-2,148,idle,431.0,238.0
agent-2,149,idle,268.0,129.0
agent-2,150,idle,201.0,159.0
agent-2,151,idle,410.0,272.0
agent-2,152,idle,394.0,282.0
agent-2,153,idle,430.0,292.0
agent-2,154,idle,570.0,470.0
agent-2,155,idle,181.0,158.0
agent-2,156,idle,469.0,379.0
agent-2,157,idle,320.0,307.0
agent-2,158,idle,292.0,193.0
agent-2,159,idle,386.0,332.0
agent-2,160,idle,387.0,284.0
agent-2,161,idle,337.0,251.0
agent-2,162,idle,206.0,133.0
agent-2,163,idle,330.0,336.0
agent-2,164,idle,233.0,124.0
agent-2,165,idle,491.0,385.0
agent-2,166,idle,277.0,212.0
agent-2,167,idle,385.0,448.0
agent-2,168,idle,416.0,254.0
agent-2,169,idle,489.0,386.0
agent-2,170,idle,494.0,308.0
agent-2,171,idle,322.0,185.0
agent-2,172,idle,274.0,133.0
agent-2,173,idle,238.0,113.0
agent-2,174,idle,418.0,299.0
agent-2,175,idle,382.0,178.0
agent-2,176,idle,511.0,404.0
agent-2,177,idle,278.0,148.0
agent-2,178,idle,356.0,353.0
agent-2,179,idle,359.0,284.0
agent-2,180,idle,377.0,278.0
agent-2,181,idle,257.0,99.0
agent-2,182,idle,404.0,300.0
agent-2,183,idle,435.0,329.0
agent-2,184,idle,288.0,138.0
agent-2,185,idle,349.0,236.0
agent-2,186,idle,134.0,0.0
agent-2,187,idle,304.0,241.0
agent-2,188,idle,381.0,350.0
agent-2,189,idle,446.0,345.0
agent-2,190,idle,512.0,503.0
agent-2,191,idle,371.0,256.0
agent-2,192,idle,387.0,348.0
agent-2,193,idle,242.0,164.0
agent-2,194,idle,236.0,130.0
agent-2,195,idle,376.0,266.0
agent-2,196,idle,489.0,297.0
agent-2,197,idle,270.0,149.0
agent-2,198,idle,366.0,255.0
agent-2,199,idle,440.0,260.0
agent-2,200,idle,364.0,331.0
agent-2,201,idle,523.0,548.0
agent-2,202,idle,264.0,196.0
agent-2,203,idle,272.0,291.0
agent-2,204,idle,228.0,164.0
agent-2,205,idle,413.0,288.0
agent-2,206,idle,334.0,233.0
agent-2,207,idle,476.0,495.0
agent-2,208,idle,355.0,340.0
agent-2,209,idle,432.0,383.0
agent-2,210,idle,230.0,136.0
agent-2,211,idle,332.0,169.0
agent-2,212,idle,310.0,128.0
agent-2,213,idle,229.0,152.0
agent-2,214,idle,491.0,291.0
agent-2,215,idle,448.0,408.0
agent-2,216,idle,470.0,333.0
agent-2,217,idle,233.0,146.0
agent-2,218,idle,266.0,148.0
agent-2,219,idle,489.0,358.0
agent-2,220,idle,267.0,124.0
agent-2,221,idle,133.0,0.0
agent-2,222,idle,342.0,279.0
agent-2,223,idle,370.0,300.0
agent-2,224,idle,473.0,296.0
agent-2,225,idle,292.0,371.0
agent-2,226,idle,146.0,0.0
agent-2,227,idle,513.0,457.0
agent-2,228,idle,482.0,389.0
agent-2,229,idle,523.0,504.0
agent-2,230,idle,495.0,401.0
agent-2,231,idle,242.0,152.0
agent-2,232,idle,340.0,258.0
agent-2,233,idle,290.0,190.0
agent-2,234,idle,346.0,268.0
agent-2,235,idle,429.0,368.0
agent-2,236,idle,273.0,158.0
agent-2,237,idle,488.0,385.0
agent-2,238,idle,292.0,143.0
agent-2,239,idle,562.0,430.0
agent-2,240,idle,502.0,450.0
agent-2,241,idle,203.0,88.0
agent-2,242,idle,409.0,238.0
agent-2,243,idle,511.0,406.0
agent-2,244,idle,94.0,0.0
agent-2,245,idle,161.0,119.0
agent-2,246,idle,405.0,301.0
agent-2,247,idle,307.0,138.0
agent-2,248,idle,463.0,368.0
agent-2,249,idle,379.0,370.0
agent-2,250,idle,472.0,322.0
agent-2,251,idle,454.0,334.0
agent-2,252,idle,272.0,363.0
agent-2,253,idle,468.0,381.0
agent-2,254,idle,133.0,0.0
agent-2,255,idle,343.0,262.0
agent-2,256,idle,283.0,137.0
agent-2,257,idle,485.0,389.0
agent-2,258,idle,402.0,314.0
agent-2,259,idle,381.0,264.0
agent-2,260,idle,356.0,221.0
agent-2,261,idle,519.0,497.0
agent-2,262,idle,409.0,381.0
agent-2,263,idle,257.0,160.0
agent-2,264,idle,373.0,302.0
agent-2,265,idle,319.0,150.0
agent-2,266,idle,310.0,223.0
agent-2,267,idle,384.0,291.0
agent-2,268,idle,220.0,152.0
agent-2,269,idle,338.0,262.0
agent-2,270,idle,281.0,144.0
agent-2,271,idle,472.0,365.0
agent-2,272,idle,349.0,240.0
agent-2,273,idle,472.0,447.0
agent-2,274,idle,536.0,387.0
agent-2,275,idle,351.0,302.0
agent-2,276,idle,394.0,300.0
agent-2,277,idle,379.0,231.0
agent-2,278,idle,493.0,463.0
agent-2,279,idle,382.0,314.0
agent-2,280,idle,119.0,0.0
agent-2,281,idle,367.0,249.0
agent-2,282,idle,253.0,184.0
agent-2,283,idle,331.0,199.0
agent-2,284,idle,549.0,456.0
agent-2,285,idle,410.0,265.0
agent-2,286,idle,366.0,322.0
agent-2,287,idle,376.0,293.0
agent-2,288,idle,283.0,162.0
agent-2,289,idle,244.0,108.0
agent-2,290,idle,472.0,364.0
agent-2,291,idle,373.0,235.0
agent-2,292,idle,317.0,144.0
agent-2,293,idle,320.0,277.0
agent-2,294,idle,511.0,355.0
agent-2,295,idle,386.0,288.0
agent-2,296,idle,424.0,286.0
agent-2,297,idle,324.0,255.0
agent-2,298,idle,312.0,213.0
agent-2,299,idle,381.0,255.0
agent-2,300,idle,361.0,247.0
agent-2,301,idle,373.0,252.0
agent-2,302,idle,586.0,385.0
agent-2,303,idle,134.0,0.0
agent-2,304,idle,484.0,405.0
agent-2,305,idle,429.0,347.0
agent-2,306,idle,355.0,269.0
agent-2,307,idle,356.0,331.0
agent-2,308,idle,459.0,411.0
agent-2,309,idle,275.0,123.0
agent-2,310,idle,348.0,231.0
agent-2,311,idle,307.0,175.0
agent-2,312,idle,441.0,336.0
agent-2,313,idle,373.0,257.0
agent-2,314,idle,136.0,0.0
agent-2,315,idle,366.0,277.0
agent-2,316,idle,382.0,311.0
agent-2,317,idle,452.0,391.0
agent-2,318,idle,318.0,176.0
agent-2,319,idle,445.0,361.0
agent-2,320,idle,211.0,174.0
agent-2,321,idle,365.0,274.0
agent-2,322,idle,456.0,333.0
agent-2,323,idle,207.0,145.0
agent-2,324,idle,429.0,371.0
agent-2,325,idle,487.0,356.0
agent-2,326,idle,217.0,126.0
agent-2,327,idle,316.0,172.0
agent-2,328,idle,411.0,281.0
agent-2,329,idle,494.0,406.0
agent-2,330,idle,476.0,448.0
agent-2,331,idle,449.0,385.0
agent-2,332,idle,362.0,267.0
agent-2,333,idle,362.0,305.0
agent-2,334,idle,252.0,172.0
agent-2,335,idle,378.0,257.0
agent-2,336,idle,451.0,329.0
agent-2,337,idle,386.0,322.0
agent-2,338,idle,287.0,120.0
agent-2,339,idle,190.0,139.0
agent-2,340,idle,290.0,218.0
agent-2,341,idle,365.0,259.0
agent-2,342,idle,480.0,408.0
agent-2,343,idle,368.0,242.0
agent-2,344,idle,243.0,156.0
agent-2,345,idle,227.0,117.0
agent-2,346,idle,357.0,255.0
agent-2,347,idle,399.0,255.0
agent-2,348,idle,335.0,340.0
agent-2,349,idle,373.0,266.0
agent-2,350,idle,466.0,362.0
agent-2,351,idle,503.0,380.0
agent-2,352,idle,469.0,374.0
agent-2,353,idle,225.0,143.0
agent-2,354,idle,392.0,287.0
agent-2,355,idle,282.0,260.0
agent-2,356,idle,311.0,164.0
agent-2,357,idle,349.0,243.0
agent-2,358,idle,417.0,455.0
agent-2,359,idle,301.0,202.0
agent-2,360,idle,141.0,0.0
agent-2,361,idle,443.0,331.0
agent-2,362,idle,360.0,286.0
agent-2,363,idle,484.0,318.0
agent-2,364,idle,401.0,390.0
agent-2,365,idle,438.0,293.0
agent-2,366,idle,551.0,503.0
agent-2,367,idle,442.0,354.0
agent-2,368,idle,280.0,164.0
agent-2,369,idle,496.0,537.0
agent-2,370,idle,572.0,348.0
agent-2,371,idle,370.0,380.0
agent-2,372,idle,539.0,483.0
agent-2,373,idle,557.0,404.0
agent-2,374,idle,124.0,0.0
agent-2,375,idle,217.0,136.0
agent-2,376,idle,290.0,254.0
agent-2,377,idle,612.0,380.0
agent-2,378,idle,473.0,450.0
agent-2,379,idle,375.0,240.0
agent-2,380,idle,219.0,94.0
agent-2,381,idle,85.0,0.0
agent-2,382,idle,506.0,407.0
agent-2,383,idle,619.0,457.0
agent-2,384,idle,266.0,146.0
agent-2,385,idle,479.0,409.0
agent-2,386,idle,362.0,217.0
agent-2,387,idle,401.0,352.0
agent-2,388,idle,249.0,113.0
agent-2,389,idle,397.0,353.0
agent-2,390,idle,495.0,384.0
agent-2,391,idle,249.0,81.0
agent-2,392,idle,256.0,186.0
agent-2,393,idle,263.0,121.0
agent-2,394,idle,251.0,201.0
agent-2,395,idle,229.0,132.0
agent-2,396,idle,477.0,443.0
agent-2,397,idle,313.0,260.0
agent-2,398,idle,114.0,0.0
agent-2,399,idle,208.0,90.0
agent-2,400,idle,493.0,368.0
agent-2,401,idle,134.0,0.0
agent-2,402,idle,175.0,182.0
agent-2,403,idle,353.0,285.0
agent-2,404,idle,151.0,0.0
agent-2,405,idle,387.0,285.0
agent-2,406,idle,279.0,225.0
agent-2,407,idle,394.0,181.0
agent-2,408,idle,245.0,116.0
agent-2,409,idle,293.0,218.0
agent-2,410,idle,361.0,307.0
agent-2,411,idle,96.0,0.0
agent-2,412,idle,423.0,240.0
agent-2,413,idle,251.0,176.0
agent-2,414,idle,520.0,392.0
agent-2,415,idle,292.0,163.0
agent-2,416,idle,292.0,185.0
agent-2,417,idle,470.0,308.0
agent-2,418,idle,359.0,212.0
agent-2,419,idle,218.0,162.0
agent-2,420,idle,389.0,277.0
agent-2,421,idle,347.0,276.0
agent-2,422,idle,375.0,220.0
agent-2,423,idle,281.0,58.0
agent-2,424,idle,159.0,0.0
agent-2,425,idle,158.0,0.0
agent-2,426,idle,285.0,175.0
agent-2,427,idle,377.0,230.0
agent-2,428,idle,463.0,390.0
agent-2,429,idle,350.0,271.0
agent-2,430,idle,248.0,132.0
agent-2,431,idle,354.0,258.0
agent-2,432,idle,354.0,206.0
agent-2,433,idle,469.0,404.0
agent-2,434,idle,326.0,254.0
agent-2,435,idle,355.0,237.0
agent-2,436,idle,263.0,157.0
agent-2,437,idle,105.0,0.0
agent-2,438,idle,477.0,273.0
agent-2,439,idle,233.0,142.0
agent-2,440,idle,452.0,347.0
agent-2,441,idle,426.0,314.0
agent-2,442,idle,380.0,255.0
agent-2,443,idle,379.0,288.0
agent-2,444,idle,180.0,130.0
agent-2,445,idle,267.0,82.0
agent-2,446,idle,260.0,122.0
agent-2,447,idle,380.0,334.0
agent-2,448,idle,422.0,332.0
agent-2,449,idle,198.0,109.0
agent-2,450,idle,458.0,328.0
agent-2,451,idle,282.0,131.0
agent-2,452,idle,249.0,166.0
agent-2,453,idle,132.0,0.0
agent-2,454,idle,422.0,297.0
agent-2,455,idle,421.0,311.0
agent-2,456,idle,463.0,252.0
agent-2,457,idle,436.0,378.0
agent-2,458,idle,386.0,244.0
agent-2,459,idle,265.0,133.0
agent-2,460,idle,103.0,0.0
agent-2,461,idle,411.0,287.0
agent-2,462,idle,486.0,416.0
agent-2,463,idle,354.0,123.0
agent-2,464,idle,239.0,145.0
agent-2,465,idle,432.0,312.0
agent-2,466,idle,421.0,292.0
agent-2,467,idle,362.0,223.0
agent-2,468,idle,202.0,103.0
agent-2,469,idle,367.0,181.0
agent-2,470,idle,472.0,345.0
agent-2,471,idle,375.0,285.0
agent-2,472,idle,470.0,395.0
agent-2,473,idle,209.0,153.0
agent-2,474,idle,330.0,210.0
agent-2,475,idle,264.0,160.0
agent-2,476,idle,252.0,160.0
agent-2,477,idle,385.0,428.0
agent-2,478,idle,385.0,319.0
agent-2,479,idle,495.0,381.0
agent-2,480,idle,294.0,145.0
agent-2,481,idle,420.0,319.0
agent-2,482,idle,288.0,299.0
agent-2,483,idle,391.0,339.0
agent-2,484,idle,125.0,0.0
agent-2,485,idle,311.0,267.0
agent-2,486,idle,367.0,288.0
agent-2,487,idle,271.0,152.0
agent-2,488,idle,356.0,265.0
agent-2,489,idle,359.0,283.0
agent-2,490,idle,136.0,0.0
agent-2,491,idle,408.0,415.0
agent-2,492,idle,538.0,318.0
agent-2,493,idle,360.0,320.0
agent-2,494,idle,399.0,275.0
agent-2,495,idle,321.0,266.0
agent-2,496,idle,277.0,180.0
agent-2,497,idle,516.0,330.0
agent-2,498,idle,327.0,244.0
agent-2,499,idle,384.0,246.0
agent-2,500,idle,491.0,300.0
agent-3,1,idle,268.0,167.0
agent-3,2,idle,262.0,169.0
agent-3,3,idle,372.0,316.0
agent-3,4,idle,551.0,505.0
agent-3,5,idle,369.0,264.0
agent-3,6,idle,456.0,359.0
agent-3,7,idle,436.0,369.0
agent-3,8,idle,365.0,312.0
agent-3,9,idle,403.0,292.0
agent-3,10,idle,96.0,0.0
agent-3,11,idle,442.0,483.0
agent-3,12,idle,455.0,404.0
agent-3,13,idle,434.0,275.0
agent-3,14,idle,380.0,251.0
agent-3,15,idle,466.0,376.0
agent-3,16,idle,354.0,310.0
agent-3,17,idle,368.0,248.0
agent-3,18,idle,464.0,399.0
agent-3,19,idle,233.0,124.0
agent-3,20,idle,325.0,300.0
agent-3,21,idle,503.0,410.0
agent-3,22,idle,245.0,128.0
agent-3,23,idle,524.0,415.0
agent-3,24,idle,401.0,245.0
agent-3,25,idle,472.0,457.0
agent-3,26,idle,405.0,306.0
agent-3,27,idle,248.0,60.0
agent-3,28,idle,282.0,172.0
agent-3,29,idle,325.0,209.0
agent-3,30,idle,458.0,425.0
agent-3,31,idle,390.0,283.0
agent-3,32,idle,234.0,123.0
agent-3,33,idle,325.0,229.0
agent-3,34,idle,284.0,175.0
agent-3,35,idle,530.0,379.0
agent-3,36,idle,244.0,182.0
agent-3,37,idle,162.0,44.0
agent-3,38,idle,244.0,173.0
agent-3,39,idle,439.0,365.0
agent-3,40,idle,262.0,174.0
agent-3,41,idle,435.0,288.0
agent-3,42,idle,428.0,333.0
agent-3,43,idle,276.0,107.0
agent-3,44,idle,238.0,103.0
agent-3,45,idle,333.0,287.0
agent-3,46,idle,433.0,352.0
agent-3,47,idle,401.0,312.0
agent-3,48,idle,564.0,506.0
agent-3,49,idle,169.0,135.0
agent-3,50,idle,513.0,451.0
agent-3,51,idle,369.0,302.0
agent-3,52,idle,109.0,0.0
agent-3,53,idle,452.0,356.0
agent-3,54,idle,207.0,123.0
agent-3,55,idle,355.0,282.0
agent-3,56,idle,503.0,367.0
agent-3,57,idle,377.0,286.0
agent-3,58,idle,363.0,253.0
agent-3,59,idle,434.0,271.0
agent-3,60,idle,304.0,231.0
agent-3,61,idle,337.0,240.0
agent-3,62,idle,461.0,352.0
agent-3,63,idle,557.0,339.0
agent-3,64,idle,256.0,102.0
agent-3,65,idle,401.0,499.0
agent-3,66,idle,318.0,252.0
agent-3,67,idle,302.0,170.0
agent-3,68,idle,377.0,244.0
agent-3,69,idle,226.0,85.0
agent-3,70,idle,386.0,259.0
agent-3,71,idle,341.0,265.0
agent-3,72,idle,412.0,284.0
agent-3,73,idle,247.0,92.0
agent-3,74,idle,453.0,359.0
agent-3,75,idle,410.0,329.0
agent-3,76,idle,479.0,396.0
agent-3,77,idle,565.0,558.0
agent-3,78,idle,403.0,308.0
agent-3,79,idle,319.0,186.0
agent-3,80,idle,313.0,268.0
agent-3,81,idle,419.0,249.0
agent-3,82,idle,428.0,287.0
agent-3,83,idle,320.0,202.0
agent-3,84,idle,259.0,171.0
agent-3,85,idle,112.0,0.0
agent-3,86,idle,259.0,173.0
agent-3,87,idle,539.0,424.0
agent-3,88,idle,357.0,257.0
agent-3,89,idle,263.0,162.0
agent-3,90,idle,199.0,78.0
agent-3,91,idle,424.0,220.0
agent-3,92,idle,369.0,250.0
agent-3,93,idle,346.0,203.0
agent-3,94,idle,312.0,210.0
agent-3,95,idle,365.0,245.0
agent-3,96,idle,525.0,403.0
agent-3,97,idle,326.0,303.0
agent-3,98,idle,366.0,252.0
agent-3,99,idle,329.0,288.0
agent-3,100,idle,385.0,302.0
agent-3,101,idle,505.0,556.0
agent-3,102,idle,285.0,279.0
agent-3,103,idle,264.0,79.0
agent-3,104,idle,506.0,318.0
agent-3,105,idle,447.0,372.0
agent-3,106,idle,558.0,477.0
agent-3,107,idle,235.0,160.0
agent-3,108,idle,457.0,241.0
agent-3,109,idle,336.0,277.0
agent-3,110,idle,407.0,273.0
agent-3,111,idle,377.0,239.0
agent-3,112,idle,447.0,324.0
agent-3,113,idle,465.0,331.0
agent-3,114,idle,331.0,182.0
agent-3,115,idle,137.0,0.0
agent-3,116,idle,352.0,232.0
agent-3,117,idle,283.0,125.0
agent-3,118,idle,382.0,194.0
agent-3,119,idle,281.0,149.0
agent-3,120,idle,312.0,296.0
agent-3,121,idle,515.0,394.0
agent-3,122,idle,456.0,462.0
agent-3,123,idle,271.0,162.0
agent-3,124,idle,335.0,258.0
agent-3,125,idle,244.0,62.0
agent-3,126,idle,292.0,179.0
agent-3,127,idle,477.0,416.0
agent-3,128,idle,447.0,388.0
agent-3,129,idle,201.0,155.0
agent-3,130,idle,174.0,91.0
agent-3,131,idle,265.0,123.0
agent-3,132,idle,418.0,327.0
agent-3,133,idle,249.0,120.0
agent-3,134,idle,357.0,353.0
agent-3,135,idle,571.0,438.0
agent-3,136,idle,539.0,355.0
agent-3,137,idle,359.0,294.0
agent-3,138,idle,309.0,154.0
agent-3,139,idle,353.0,265.0
agent-3,140,idle,212.0,128.0
agent-3,141,idle,461.0,450.0
agent-3,142,idle,306.0,82.0
agent-3,143,idle,387.0,284.0
agent-3,144,idle,301.0,204.0
agent-3,145,idle,335.0,245.0
agent-3,146,idle,272.0,187.0
agent-3,147,idle,407.0,287.0
agent-3,148,idle,514.0,360.0
agent-3,149,idle,524.0,479.0
agent-3,150,idle,427.0,423.0
agent-3,151,idle,258.0,139.0
agent-3,152,idle,509.0,420.0
agent-3,153,idle,388.0,226.0
agent-3,154,idle,567.0,504.0
agent-3,155,idle,305.0,181.0
agent-3,156,idle,470.0,389.0
agent-3,157,idle,374.0,299.0
agent-3,158,idle,339.0,293.0
agent-3,159,idle,462.0,394.0
agent-3,160,idle,361.0,274.0
agent-3,161,idle,358.0,206.0
agent-3,162,idle,523.0,509.0
agent-3,163,idle,233.0,163.0
agent-3,164,idle,348.0,290.0
agent-3,165,idle,253.0,100.0
agent-3,166,idle,228.0,125.0
agent-3,167,idle,415.0,262.0
agent-3,168,idle,378.0,280.0
agent-3,169,idle,459.0,473.0
agent-3,170,idle,419.0,324.0
agent-3,171,idle,338.0,305.0
agent-3,172,idle,420.0,255.0
agent-3,173,idle,339.0,272.0
agent-3,174,idle,329.0,311.0
agent-3,175,idle,477.0,442.0
agent-3,176,idle,495.0,332.0
agent-3,177,idle,223.0,177.0
agent-3,178,idle,337.0,247.0
agent-3,179,idle,329.0,217.0
agent-3,180,idle,160.0,0.0
agent-3,181,idle,373.0,244.0
agent-3,182,idle,358.0,231.0
agent-3,183,idle,95.0,0.0
agent-3,184,idle,542.0,359.0
agent-3,185,idle,179.0,114.0
agent-3,186,idle,372.0,285.0
agent-3,187,idle,514.0,397.0
agent-3,188,idle,271.0,139.0
agent-3,189,idle,174.0,169.0
agent-3,190,idle,406.0,277.0
agent-3,191,idle,497.0,375.0
agent-3,192,idle,423.0,272.0
agent-3,193,idle,393.0,276.0
agent-3,194,idle,448.0,402.0
agent-3,195,idle,156.0,0.0
agent-3,196,idle,409.0,307.0
agent-3,197,idle,318.0,292.0
agent-3,198,idle,446.0,395.0
agent-3,199,idle,448.0,268.0
agent-3,200,idle,227.0,74.0
agent-3,201,idle,118.0,0.0
agent-3,202,idle,363.0,278.0
agent-3,203,idle,381.0,342.0
agent-3,204,idle,433.0,393.0
agent-3,205,idle,523.0,504.0
agent-3,206,idle,357.0,323.0
agent-3,207,idle,461.0,378.0
agent-3,208,idle,372.0,226.0
agent-3,209,idle,370.0,289.0
agent-3,210,idle,452.0,288.0
agent-3,211,idle,308.0,135.0
agent-3,212,idle,124.0,0.0
agent-3,213,idle,211.0,201.0
agent-3,214,idle,549.0,363.0
agent-3,215,idle,330.0,155.0
agent-3,216,idle,483.0,307.0
agent-3,217,idle,525.0,362.0
agent-3,218,idle,460.0,378.0
agent-3,219,idle,363.0,312.0
agent-3,220,idle,207.0,97.0
agent-3,221,idle,369.0,279.0
agent-3,222,idle,322.0,323.0
agent-3,223,idle,484.0,401.0
agent-3,224,idle,466.0,244.0
agent-3,225,idle,360.0,244.0
agent-3,226,idle,570.0,518.0
agent-3,227,idle,434.0,386.0
agent-3,228,idle,377.0,290.0
agent-3,229,idle,228.0,131.0
agent-3,230,idle,341.0,264.0
agent-3,231,idle,326.0,270.0
agent-3,232,idle,417.0,392.0
agent-3,233,idle,301.0,175.0
agent-3,234,idle,198.0,145.0
agent-3,235,idle,466.0,363.0
agent-3,236,idle,257.0,184.0
agent-3,237,idle,527.0,445.0
agent-3,238,idle,454.0,277.0
agent-3,239,idle,390.0,291.0
agent-3,240,idle,272.0,112.0
agent-3,241,idle,191.0,135.0
agent-3,242,idle,438.0,319.0
agent-3,243,idle,546.0,319.0
agent-3,244,idle,506.0,418.0
agent-3,245,idle,445.0,405.0
agent-3,246,idle,497.0,411.0
agent-3,247,idle,377.0,217.0
agent-3,248,idle,273.0,98.0
agent-3,249,idle,553.0,433.0
agent-3,250,idle,270.0,145.0
agent-3,251,idle,269.0,170.0
agent-3,252,idle,405.0,328.0
agent-3,253,idle,219.0,122.0
agent-3,254,idle,365.0,237.0
agent-3,255,idle,356.0,237.0
agent-3,256,idle,460.0,381.0
agent-3,257,idle,344.0,300.0
agent-3,258,idle,332.0,209.0
agent-3,259,idle,319.0,275.0
agent-3,260,idle,417.0,288.0
agent-3,261,idle,540.0,407.0
agent-3,262,idle,255.0,140.0
agent-3,263,idle,431.0,220.0
agent-3,264,idle,370.0,233.0
agent-3,265,idle,332.0,307.0
agent-3,266,idle,236.0,85.0
agent-3,267,idle,133.0,0.0
agent-3,268,idle,120.0,0.0
agent-3,269,idle,237.0,209.0
agent-3,270,idle,371.0,220.0
agent-3,271,idle,502.0,467.0
agent-3,272,idle,365.0,248.0
agent-3,273,idle,342.0,355.0
agent-3,274,idle,172.0,163.0
agent-3,275,idle,232.0,148.0
agent-3,276,idle,546.0,428.0
agent-3,277,idle,367.0,253.0
agent-3,278,idle,343.0,226.0
agent-3,279,idle,300.0,236.0
agent-3,280,idle,562.0,460.0
agent-3,281,idle,354.0,314.0
agent-3,282,idle,370.0,213.0
agent-3,283,idle,411.0,226.0
agent-3,284,idle,544.0,387.0
agent-3,285,idle,279.0,127.0
agent-3,286,idle,311.0,135.0
agent-3,287,idle,363.0,227.0
agent-3,288,idle,307.0,284.0
agent-3,289,idle,504.0,491.0
agent-3,290,idle,256.0,189.0
agent-3,291,idle,509.0,453.0
agent-3,292,idle,373.0,296.0
agent-3,293,idle,451.0,461.0
agent-3,294,idle,256.0,162.0
agent-3,295,idle,550.0,321.0
agent-3,296,idle,486.0,360.0
agent-3,297,idle,238.0,102.0
agent-3,298,idle,543.0,437.0
agent-3,299,idle,294.0,223.0
agent-3,300,idle,257.0,112.0
agent-3,301,idle,150.0,0.0
agent-3,302,idle,478.0,313.0
agent-3,303,idle,292.0,261.0
agent-3,304,idle,139.0,0.0
agent-3,305,idle,583.0,460.0
agent-3,306,idle,368.0,180.0
agent-3,307,idle,424.0,243.0
agent-3,308,idle,329.0,118.0
agent-3,309,idle,542.0,425.0
agent-3,310,idle,518.0,386.0
agent-3,311,idle,332.0,185.0
agent-3,312,idle,232.0,139.0
agent-3,313,idle,415.0,322.0
agent-3,314,idle,351.0,269.0
agent-3,315,idle,309.0,272.0
agent-3,316,idle,270.0,156.0
agent-3,317,idle,297.0,124.0
agent-3,318,idle,323.0,284.0
agent-3,319,idle,371.0,207.0
agent-3,320,idle,563.0,386.0
agent-3,321,idle,573.0,397.0
agent-3,322,idle,438.0,304.0
agent-3,323,idle,125.0,0.0
agent-3,324,idle,240.0,112.0
agent-3,325,idle,188.0,160.0
agent-3,326,idle,559.0,543.0
agent-3,327,idle,425.0,386.0
agent-3,328,idle,437.0,331.0
agent-3,329,idle,157.0,0.0
agent-3,330,idle,414.0,353.0
agent-3,331,idle,406.0,263.0
agent-3,332,idle,221.0,148.0
agent-3,333,idle,178.0,130.0
agent-3,334,idle,473.0,548.0
agent-3,335,idle,546.0,330.0
agent-3,336,idle,266.0,183.0
agent-3,337,idle,229.0,63.0
agent-3,338,idle,419.0,330.0
agent-3,339,idle,237.0,131.0
agent-3,340,idle,370.0,240.0
agent-3,341,idle,226.0,181.0
agent-3,342,idle,408.0,273.0
agent-3,343,idle,405.0,227.0
agent-3,344,idle,533.0,412.0
agent-3,345,idle,384.0,279.0
agent-3,346,idle,563.0,450.0
agent-3,347,idle,400.0,275.0
agent-3,348,idle,414.0,295.0
agent-3,349,idle,439.0,358.0
agent-3,350,idle,234.0,191.0
agent-3,351,idle,72.0,0.0
agent-3,352,idle,305.0,304.0
agent-3,353,idle,471.0,288.0
agent-3,354,idle,525.0,346.0
agent-3,355,idle,455.0,412.0
agent-3,356,idle,338.0,301.0
agent-3,357,idle,453.0,240.0
agent-3,358,idle,408.0,386.0
agent-3,359,idle,379.0,269.0
agent-3,360,idle,360.0,247.0
agent-3,361,idle,490.0,293.0
agent-3,362,idle,367.0,264.0
agent-3,363,idle,261.0,92.0
agent-3,364,idle,277.0,125.0
agent-3,365,idle,376.0,268.0
agent-3,366,idle,282.0,72.0
agent-3,367,idle,435.0,392.0
agent-3,368,idle,169.0,0.0
agent-3,369,idle,421.0,280.0
agent-3,370,idle,274.0,144.0
agent-3,371,idle,244.0,126.0
agent-3,372,idle,380.0,266.0
agent-3,373,idle,474.0,434.0
agent-3,374,idle,499.0,414.0
agent-3,375,idle,245.0,113.0
agent-3,376,idle,463.0,452.0
agent-3,377,idle,244.0,186.0
agent-3,378,idle,347.0,312.0
agent-3,379,idle,400.0,312.0
agent-3,380,idle,441.0,306.0
agent-3,381,idle,279.0,158.0
agent-3,382,idle,383.0,299.0
agent-3,383,idle,536.0,292.0
agent-3,384,idle,286.0,105.0
agent-3,385,idle,236.0,167.0
agent-3,386,idle,424.0,403.0
agent-3,387,idle,352.0,268.0
agent-3,388,idle,134.0,0.0
agent-3,389,idle,353.0,184.0
agent-3,390,idle,319.0,236.0
agent-3,391,idle,362.0,346.0
agent-3,392,idle,415.0,243.0
agent-3,393,idle,372.0,349.0
agent-3,394,idle,385.0,280.0
agent-3,395,idle,331.0,224.0
agent-3,396,idle,422.0,450.0
agent-3,397,idle,375.0,293.0
agent-3,398,idle,281.0,126.0
agent-3,399,idle,294.0,155.0
agent-3,400,idle,406.0,312.0
agent-3,401,idle,222.0,175.0
agent-3,402,idle,428.0,354.0
agent-3,403,idle,357.0,245.0
agent-3,404,idle,374.0,304.0
agent-3,405,idle,321.0,215.0
agent-3,406,idle,491.0,413.0
agent-3,407,idle,518.0,524.0
agent-3,408,idle,444.0,392.0
agent-3,409,idle,620.0,421.0
agent-3,410,idle,323.0,272.0
agent-3,411,idle,457.0,382.0
agent-3,412,idle,569.0,482.0
agent-3,413,idle,152.0,0.0
agent-3,414,idle,502.0,495.0
agent-3,415,idle,349.0,273.0
agent-3,416,idle,400.0,349.0
agent-3,417,idle,214.0,166.0
agent-3,418,idle,385.0,227.0
agent-3,419,idle,304.0,179.0
agent-3,420,idle,263.0,322.0
agent-3,421,idle,424.0,374.0
agent-3,422,idle,383.0,384.0
agent-3,423,idle,332.0,310.0
agent-3,424,idle,152.0,122.0
agent-3,425,idle,307.0,269.0
agent-3,426,idle,482.0,402.0
agent-3,427,idle,469.0,553.0
agent-3,428,idle,330.0,180.0
agent-3,429,idle,454.0,251.0
agent-3,430,idle,504.0,400.0
agent-3,431,idle,417.0,352.0
agent-3,432,idle,408.0,286.0
agent-3,433,idle,356.0,140.0
agent-3,434,idle,281.0,180.0
agent-3,435,idle,529.0,356.0
agent-3,436,idle,196.0,95.0
agent-3,437,idle,337.0,143.0
agent-3,438,idle,461.0,351.0
agent-3,439,idle,547.0,487.0
agent-3,440,idle,387.0,260.0
agent-3,441,idle,126.0,0.0
agent-3,442,idle,476.0,346.0
agent-3,443,idle,429.0,273.0
agent-3,444,idle,401.0,348.0
agent-3,445,idle,517.0,438.0
agent-3,446,idle,304.0,267.0
agent-3,447,idle,374.0,273.0
agent-3,448,idle,405.0,297.0
agent-3,449,idle,530.0,388.0
agent-3,450,idle,304.0,99.0
agent-3,451,idle,367.0,267.0
agent-3,452,idle,457.0,293.0
agent-3,453,idle,352.0,179.0
agent-3,454,idle,351.0,240.0
agent-3,455,idle,537.0,355.0
agent-3,456,idle,194.0,114.0
agent-3,457,idle,344.0,291.0
agent-3,458,idle,382.0,261.0
agent-3,459,idle,241.0,178.0
agent-3,460,idle,460.0,417.0
agent-3,461,idle,218.0,126.0
agent-3,462,idle,296.0,213.0
agent-3,463,idle,513.0,402.0
agent-3,464,idle,349.0,254.0
agent-3,465,idle,249.0,153.0
agent-3,466,idle,301.0,154.0
agent-3,467,idle,226.0,171.0
agent-3,468,idle,442.0,412.0
agent-3,469,idle,357.0,280.0
agent-3,470,idle,381.0,272.0
agent-3,471,idle,118.0,0.0
agent-3,472,idle,365.0,264.0
agent-3,473,idle,291.0,141.0
agent-3,474,idle,355.0,305.0
agent-3,475,idle,361.0,280.0
agent-3,476,idle,276.0,162.0
agent-3,477,idle,367.0,214.0
agent-3,478,idle,265.0,152.0
agent-3,479,idle,299.0,147.0
agent-3,480,idle,488.0,367.0
agent-3,481,idle,364.0,235.0
agent-3,482,idle,226.0,213.0
agent-3,483,idle,551.0,453.0
agent-3,484,idle,136.0,0.0
agent-3,485,idle,552.0,442.0
agent-3,486,idle,486.0,408.0
agent-3,487,idle,440.0,426.0
agent-3,488,idle,448.0,326.0
agent-3,489,idle,247.0,110.0
agent-3,490,idle,457.0,376.0
agent-3,491,idle,419.0,426.0
agent-3,492,idle,132.0,0.0
agent-3,493,idle,457.0,389.0
agent-3,494,idle,513.0,389.0
agent-3,495,idle,486.0,380.0
agent-3,496,idle,499.0,380.0
agent-3,497,idle,416.0,256.0
agent-3,498,idle,151.0,0.0
agent-3,499,idle,530.0,444.0
agent-3,500,idle,508.0,400.0
agent-4,1,idle,349.0,234.0
agent-4,2,idle,422.0,351.0
agent-4,3,idle,530.0,379.0
agent-4,4,idle,278.0,70.0
agent-4,5,idle,412.0,399.0
agent-4,6,idle,501.0,400.0
agent-4,7,idle,296.0,106.0
agent-4,8,idle,451.0,380.0
agent-4,9,idle,292.0,133.0
agent-4,10,idle,505.0,350.0
agent-4,11,idle,278.0,132.0
agent-4,12,idle,399.0,261.0
agent-4,13,idle,166.0,203.0
agent-4,14,idle,348.0,266.0
agent-4,15,idle,535.0,391.0
agent-4,16,idle,500.0,326.0
agent-4,17,idle,427.0,312.0
agent-4,18,idle,205.0,138.0
agent-4,19,idle,427.0,251.0
agent-4,20,idle,476.0,336.0
agent-4,21,idle,512.0,297.0
agent-4,22,idle,182.0,0.0
agent-4,23,idle,322.0,140.0
agent-4,24,idle,270.0,124.0
agent-4,25,idle,351.0,246.0
agent-4,26,idle,257.0,111.0
agent-4,27,idle,433.0,365.0
agent-4,28,idle,497.0,367.0
agent-4,29,idle,436.0,269.0
agent-4,30,idle,460.0,335.0
agent-4,31,idle,411.0,215.0
agent-4,32,idle,313.0,260.0
agent-4,33,idle,413.0,256.0
agent-4,34,idle,228.0,136.0
agent-4,35,idle,525.0,305.0
agent-4,36,idle,370.0,262.0
agent-4,37,idle,529.0,374.0
agent-4,38,idle,151.0,0.0
agent-4,39,idle,378.0,131.0
agent-4,40,idle,431.0,244.0
agent-4,41,idle,484.0,409.0
agent-4,42,idle,338.0,131.0
agent-4,43,idle,451.0,436.0
agent-4,44,idle,481.0,403.0
agent-4,45,idle,366.0,168.0
agent-4,46,idle,504.0,338.0
agent-4,47,idle,355.0,238.0
agent-4,48,idle,469.0,372.0
agent-4,49,idle,498.0,368.0
agent-4,50,idle,378.0,217.0
agent-4,51,idle,542.0,323.0
agent-4,52,idle,422.0,327.0
agent-4,53,idle,265.0,107.0
agent-4,54,idle,209.0,135.0
agent-4,55,idle,331.0,121.0
agent-4,56,idle,347.0,134.0
agent-4,57,idle,387.0,263.0
agent-4,58,idle,437.0,393.0
agent-4,59,idle,386.0,316.0
agent-4,60,idle,486.0,492.0
agent-4,61,idle,296.0,225.0
agent-4,62,idle,186.0,0.0
agent-4,63,idle,485.0,272.0
agent-4,64,idle,483.0,456.0
agent-4,65,idle,262.0,129.0
agent-4,66,idle,261.0,142.0
agent-4,67,idle,421.0,242.0
agent-4,68,idle,493.0,356.0
agent-4,69,idle,275.0,115.0
agent-4,70,idle,388.0,311.0
agent-4,71,idle,277.0,115.0
agent-4,72,idle,265.0,109.0
agent-4,73,idle,293.0,128.0
agent-4,74,idle,567.0,476.0
agent-4,75,idle,399.0,300.0
agent-4,76,idle,380.0,239.0
agent-4,77,idle,416.0,354.0
agent-4,78,idle,448.0,432.0
agent-4,79,idle,608.0,492.0
agent-4,80,idle,247.0,170.0
agent-4,81,idle,483.0,400.0
agent-4,82,idle,346.0,253.0
agent-4,83,idle,483.0,426.0
agent-4,84,idle,479.0,347.0
agent-4,85,idle,281.0,109.0
agent-4,86,idle,314.0,214.0
agent-4,87,idle,271.0,112.0
agent-4,88,idle,389.0,281.0
agent-4,89,idle,453.0,375.0
agent-4,90,idle,440.0,366.0
agent-4,91,idle,196.0,0.0
agent-4,92,idle,572.0,503.0
agent-4,93,idle,416.0,266.0
agent-4,94,idle,416.0,237.0
agent-4,95,idle,441.0,280.0
agent-4,96,idle,341.0,123.0
agent-4,97,idle,415.0,213.0
agent-4,98,idle,517.0,292.0
agent-4,99,idle,163.0,0.0
agent-4,100,idle,535.0,342.0
agent-4,101,idle,273.0,164.0
agent-4,102,idle,306.0,107.0
agent-4,103,idle,363.0,231.0
agent-4,104,idle,424.0,269.0
agent-4,105,idle,502.0,274.0
agent-4,106,idle,370.0,329.0
agent-4,107,idle,204.0,0.0
agent-4,108,idle,370.0,269.0
agent-4,109,idle,451.0,402.0
agent-4,110,idle,518.0,505.0
agent-4,111,idle,337.0,275.0
agent-4,112,idle,463.0,392.0
agent-4,113,idle,473.0,202.0
agent-4,114,idle,235.0,95.0
agent-4,115,idle,324.0,243.0
agent-4,116,idle,324.0,272.0
agent-4,117,idle,457.0,333.0
agent-4,118,idle,445.0,330.0
agent-4,119,idle,382.0,210.0
agent-4,120,idle,433.0,241.0
agent-4,121,idle,186.0,0.0
agent-4,122,idle,296.0,142.0
agent-4,123,idle,291.0,123.0
agent-4,124,idle,467.0,296.0
agent-4,125,idle,447.0,317.0
agent-4,126,idle,527.0,387.0
agent-4,127,idle,275.0,173.0
agent-4,128,idle,165.0,0.0
agent-4,129,idle,517.0,357.0
agent-4,130,idle,303.0,137.0
agent-4,131,idle,267.0,128.0
agent-4,132,idle,461.0,322.0
agent-4,133,idle,395.0,374.0
agent-4,134,idle,401.0,236.0
agent-4,135,idle,256.0,194.0
agent-4,136,idle,408.0,285.0
agent-4,137,idle,257.0,137.0
agent-4,138,idle,162.0,0.0
agent-4,139,idle,396.0,182.0
agent-4,140,idle,243.0,102.0
agent-4,141,idle,231.0,120.0
agent-4,142,idle,507.0,446.0
agent-4,143,idle,350.0,271.0
agent-4,144,idle,324.0,234.0
agent-4,145,idle,350.0,202.0
agent-4,146,idle,463.0,377.0
agent-4,147,idle,493.0,342.0
agent-4,148,idle,385.0,267.0
agent-4,149,idle,143.0,0.0
agent-4,150,idle,236.0,135.0
agent-4,151,idle,248.0,108.0
agent-4,152,idle,431.0,360.0
agent-4,153,idle,337.0,112.0
agent-4,154,idle,295.0,189.0
agent-4,155,idle,301.0,113.0
agent-4,156,idle,283.0,165.0
agent-4,157,idle,386.0,267.0
agent-4,158,idle,619.0,405.0
agent-4,159,idle,394.0,269.0
agent-4,160,idle,302.0,139.0
agent-4,161,idle,268.0,159.0
agent-4,162,idle,477.0,269.0
agent-4,163,idle,382.0,222.0
agent-4,164,idle,214.0,126.0
agent-4,165,idle,439.0,202.0
agent-4,166,idle,280.0,118.0
agent-4,167,idle,367.0,245.0
agent-4,168,idle,422.0,397.0
agent-4,169,idle,236.0,112.0
agent-4,170,idle,359.0,298.0
agent-4,171,idle,398.0,271.0
agent-4,172,idle,436.0,313.0
agent-4,173,idle,304.0,265.0
agent-4,174,idle,630.0,429.0
agent-4,175,idle,387.0,374.0
agent-4,176,idle,173.0,0.0
agent-4,177,idle,343.0,292.0
agent-4,178,idle,391.0,246.0
agent-4,179,idle,430.0,294.0
agent-4,180,idle,503.0,365.0
agent-4,181,idle,435.0,278.0
agent-4,182,idle,453.0,250.0
agent-4,183,idle,375.0,219.0
agent-4,184,idle,562.0,408.0
agent-4,185,idle,270.0,84.0
agent-4,186,idle,403.0,264.0
agent-4,187,idle,406.0,375.0
agent-4,188,idle,311.0,306.0
agent-4,189,idle,372.0,244.0
agent-4,190,idle,296.0,107.0
agent-4,191,idle,452.0,367.0
agent-4,192,idle,294.0,118.0
agent-4,193,idle,405.0,388.0
agent-4,194,idle,599.0,523.0
agent-4,195,idle,442.0,397.0
agent-4,196,idle,459.0,244.0
agent-4,197,idle,248.0,154.0
agent-4,198,idle,471.0,265.0
agent-4,199,idle,509.0,352.0
agent-4,200,idle,297.0,155.0
agent-4,201,idle,270.0,134.0
agent-4,202,idle,264.0,118.0
agent-4,203,idle,276.0,92.0
agent-4,204,idle,387.0,303.0
agent-4,205,idle,342.0,234.0
agent-4,206,idle,308.0,149.0
agent-4,207,idle,362.0,239.0
agent-4,208,idle,432.0,252.0
agent-4,209,idle,280.0,115.0
agent-4,210,idle,272.0,137.0
agent-4,211,idle,262.0,71.0
agent-4,212,idle,295.0,192.0
agent-4,213,idle,406.0,264.0
agent-4,214,idle,468.0,251.0
agent-4,215,idle,405.0,242.0
agent-4,216,idle,372.0,260.0
agent-4,217,idle,576.0,488.0
agent-4,218,idle,554.0,268.0
agent-4,219,idle,400.0,284.0
agent-4,220,idle,444.0,237.0
agent-4,221,idle,510.0,470.0
agent-4,222,idle,483.0,429.0
agent-4,223,idle,554.0,364.0
agent-4,224,idle,502.0,317.0
agent-4,225,idle,382.0,298.0
agent-4,226,idle,495.0,378.0
agent-4,227,idle,445.0,386.0
agent-4,228,idle,380.0,232.0
agent-4,229,idle,285.0,190.0
agent-4,230,idle,269.0,127.0
agent-4,231,idle,276.0,115.0
agent-4,232,idle,560.0,392.0
agent-4,233,idle,406.0,247.0
agent-4,234,idle,180.0,0.0
agent-4,235,idle,448.0,352.0
agent-4,236,idle,293.0,108.0
agent-4,237,idle,497.0,391.0
agent-4,238,idle,498.0,378.0
agent-4,239,idle,287.0,151.0
agent-4,240,idle,242.0,26.0
agent-4,241,idle,400.0,273.0
agent-4,242,idle,537.0,375.0
agent-4,243,idle,548.0,425.0
agent-4,244,idle,206.0,0.0
agent-4,245,idle,414.0,296.0
agent-4,246,idle,417.0,270.0
agent-4,247,idle,396.0,188.0
agent-4,248,idle,280.0,128.0
agent-4,249,idle,289.0,148.0
agent-4,250,idle,227.0,0.0
agent-4,251,idle,401.0,289.0
agent-4,252,idle,460.0,411.0
agent-4,253,idle,377.0,179.0
agent-4,254,idle,343.0,234.0
agent-4,255,idle,515.0,393.0
agent-4,256,idle,415.0,267.0
agent-4,257,idle,449.0,342.0
agent-4,258,idle,309.0,128.0
agent-4,259,idle,298.0,223.0
agent-4,260,idle,369.0,249.0
agent-4,261,idle,529.0,398.0
agent-4,262,idle,605.0,439.0
agent-4,263,idle,235.0,162.0
agent-4,264,idle,432.0,150.0
agent-4,265,idle,398.0,311.0
agent-4,266,idle,492.0,321.0
agent-4,267,idle,526.0,274.0
agent-4,268,idle,473.0,363.0
agent-4,269,idle,253.0,108.0
agent-4,270,idle,353.0,203.0
agent-4,271,idle,498.0,410.0
agent-4,272,idle,376.0,275.0
agent-4,273,idle,313.0,94.0
agent-4,274,idle,433.0,461.0
agent-4,275,idle,275.0,122.0
agent-4,276,idle,470.0,338.0
agent-4,277,idle,265.0,176.0
agent-4,278,idle,493.0,340.0
agent-4,279,idle,262.0,127.0
agent-4,280,idle,467.0,344.0
agent-4,281,idle,215.0,137.0
agent-4,282,idle,350.0,255.0
agent-4,283,idle,417.0,284.0
agent-4,284,idle,352.0,227.0
agent-4,285,idle,403.0,241.0
agent-4,286,idle,270.0,164.0
agent-4,287,idle,391.0,263.0
agent-4,288,idle,388.0,422.0
agent-4,289,idle,428.0,330.0
agent-4,290,idle,428.0,181.0
agent-4,291,idle,386.0,273.0
agent-4,292,idle,426.0,167.0
agent-4,293,idle,314.0,250.0
agent-4,294,idle,368.0,282.0
agent-4,295,idle,361.0,167.0
agent-4,296,idle,275.0,138.0
agent-4,297,idle,291.0,73.0
agent-4,298,idle,460.0,389.0
agent-4,299,idle,498.0,382.0
agent-4,300,idle,469.0,335.0
agent-4,301,idle,279.0,135.0
agent-4,302,idle,430.0,255.0
agent-4,303,idle,451.0,359.0
agent-4,304,idle,501.0,342.0
agent-4,305,idle,285.0,104.0
agent-4,306,idle,302.0,130.0
agent-4,307,idle,457.0,314.0
agent-4,308,idle,396.0,213.0
agent-4,309,idle,466.0,352.0
agent-4,310,idle,434.0,364.0
agent-4,311,idle,416.0,338.0
agent-4,312,idle,222.0,105.0
agent-4,313,idle,429.0,258.0
agent-4,314,idle,354.0,261.0
agent-4,315,idle,556.0,358.0
agent-4,316,idle,269.0,140.0
agent-4,317,idle,476.0,412.0
agent-4,318,idle,137.0,0.0
agent-4,319,idle,315.0,97.0
agent-4,320,idle,448.0,210.0
agent-4,321,idle,389.0,254.0
agent-4,322,idle,349.0,262.0
agent-4,323,idle,172.0,0.0
agent-4,324,idle,414.0,170.0
agent-4,325,idle,417.0,269.0
agent-4,326,idle,270.0,119.0
agent-4,327,idle,409.0,328.0
agent-4,328,idle,663.0,397.0
agent-4,329,idle,348.0,244.0
agent-4,330,idle,216.0,107.0
agent-4,331,idle,420.0,265.0
agent-4,332,idle,305.0,114.0
agent-4,333,idle,497.0,357.0
agent-4,334,idle,394.0,254.0
agent-4,335,idle,356.0,260.0
agent-4,336,idle,394.0,369.0
agent-4,337,idle,335.0,149.0
agent-4,338,idle,383.0,229.0
agent-4,339,idle,448.0,254.0
agent-4,340,idle,234.0,183.0
agent-4,341,idle,441.0,308.0
agent-4,342,idle,278.0,122.0
agent-4,343,idle,349.0,254.0
agent-4,344,idle,395.0,376.0
agent-4,345,idle,379.0,198.0
agent-4,346,idle,522.0,467.0
agent-4,347,idle,516.0,308.0
agent-4,348,idle,256.0,143.0
agent-4,349,idle,474.0,413.0
agent-4,350,idle,340.0,134.0
agent-4,351,idle,541.0,390.0
agent-4,352,idle,447.0,226.0
agent-4,353,idle,320.0,255.0
agent-4,354,idle,476.0,339.0
agent-4,355,idle,391.0,207.0
agent-4,356,idle,456.0,419.0
agent-4,357,idle,441.0,341.0
agent-4,358,idle,469.0,372.0
agent-4,359,idle,375.0,258.0
agent-4,360,idle,480.0,442.0
agent-4,361,idle,489.0,321.0
agent-4,362,idle,415.0,222.0
agent-4,363,idle,341.0,179.0
agent-4,364,idle,336.0,108.0
agent-4,365,idle,427.0,276.0
agent-4,366,idle,244.0,124.0
agent-4,367,idle,448.0,363.0
agent-4,368,idle,254.0,113.0
agent-4,369,idle,364.0,244.0
agent-4,370,idle,421.0,428.0
agent-4,371,idle,487.0,366.0
agent-4,372,idle,411.0,263.0
agent-4,373,idle,360.0,190.0
agent-4,374,idle,484.0,391.0
agent-4,375,idle,493.0,338.0
agent-4,376,idle,478.0,266.0
agent-4,377,idle,214.0,139.0
agent-4,378,idle,240.0,135.0
agent-4,379,idle,363.0,285.0
agent-4,380,idle,404.0,255.0
agent-4,381,idle,393.0,164.0
agent-4,382,idle,308.0,161.0
agent-4,383,idle,392.0,197.0
agent-4,384,idle,559.0,365.0
agent-4,385,idle,349.0,194.0
agent-4,386,idle,446.0,258.0
agent-4,387,idle,453.0,239.0
agent-4,388,idle,316.0,198.0
agent-4,389,idle,440.0,240.0
agent-4,390,idle,187.0,0.0
agent-4,391,idle,367.0,279.0
agent-4,392,idle,435.0,401.0
agent-4,393,idle,297.0,126.0
agent-4,394,idle,273.0,139.0
agent-4,395,idle,452.0,327.0
agent-4,396,idle,305.0,216.0
agent-4,397,idle,372.0,259.0
agent-4,398,idle,264.0,170.0
agent-4,399,idle,464.0,465.0
agent-4,400,idle,316.0,276.0
agent-4,401,idle,192.0,0.0
agent-4,402,idle,381.0,414.0
agent-4,403,idle,397.0,278.0
agent-4,404,idle,359.0,96.0
agent-4,405,idle,327.0,116.0
agent-4,406,idle,429.0,240.0
agent-4,407,idle,478.0,377.0
agent-4,408,idle,257.0,148.0
agent-4,409,idle,350.0,226.0
agent-4,410,idle,373.0,290.0
agent-4,411,idle,459.0,334.0
agent-4,412,idle,475.0,251.0
agent-4,413,idle,371.0,272.0
agent-4,414,idle,380.0,289.0
agent-4,415,idle,440.0,336.0
agent-4,416,idle,497.0,354.0
agent-4,417,idle,400.0,242.0
agent-4,418,idle,440.0,418.0
agent-4,419,idle,467.0,347.0
agent-4,420,idle,387.0,239.0
agent-4,421,idle,434.0,366.0
agent-4,422,idle,500.0,437.0
agent-4,423,idle,403.0,205.0
agent-4,424,idle,254.0,248.0
agent-4,425,idle,378.0,282.0
agent-4,426,idle,396.0,312.0
agent-4,427,idle,439.0,411.0
agent-4,428,idle,374.0,241.0
agent-4,429,idle,520.0,385.0
agent-4,430,idle,430.0,253.0
agent-4,431,idle,337.0,188.0
agent-4,432,idle,523.0,420.0
agent-4,433,idle,396.0,260.0
agent-4,434,idle,454.0,269.0
agent-4,435,idle,528.0,427.0
agent-4,436,idle,435.0,375.0
agent-4,437,idle,427.0,351.0
agent-4,438,idle,483.0,391.0
agent-4,439,idle,385.0,319.0
agent-4,440,idle,166.0,0.0
agent-4,441,idle,472.0,322.0
agent-4,442,idle,171.0,0.0
agent-4,443,idle,327.0,84.0
agent-4,444,idle,499.0,305.0
agent-4,445,idle,479.0,380.0
agent-4,446,idle,294.0,145.0
agent-4,447,idle,393.0,271.0
agent-4,448,idle,413.0,237.0
agent-4,449,idle,298.0,217.0
agent-4,450,idle,379.0,391.0
agent-4,451,idle,432.0,221.0
agent-4,452,idle,352.0,237.0
agent-4,453,idle,506.0,383.0
agent-4,454,idle,462.0,330.0
agent-4,455,idle,428.0,244.0
agent-4,456,idle,173.0,0.0
agent-4,457,idle,172.0,0.0
agent-4,458,idle,484.0,405.0
agent-4,459,idle,377.0,296.0
agent-4,460,idle,392.0,219.0
agent-4,461,idle,494.0,335.0
agent-4,462,idle,377.0,186.0
agent-4,463,idle,368.0,213.0
agent-4,464,idle,401.0,236.0
agent-4,465,idle,480.0,326.0
agent-4,466,idle,388.0,162.0
agent-4,467,idle,383.0,169.0
agent-4,468,idle,492.0,337.0
agent-4,469,idle,471.0,221.0
agent-4,470,idle,353.0,313.0
agent-4,471,idle,329.0,283.0
agent-4,472,idle,418.0,230.0
agent-4,473,idle,311.0,155.0
agent-4,474,idle,162.0,0.0
agent-4,475,idle,403.0,269.0
agent-4,476,idle,206.0,183.0
agent-4,477,idle,275.0,180.0
agent-4,478,idle,376.0,346.0
agent-4,479,idle,314.0,241.0
agent-4,480,idle,161.0,0.0
agent-4,481,idle,269.0,92.0
agent-4,482,idle,360.0,197.0
agent-4,483,idle,450.0,277.0
agent-4,484,idle,374.0,267.0
agent-4,485,idle,396.0,229.0
agent-4,486,idle,206.0,0.0
agent-4,487,idle,422.0,310.0
agent-4,488,idle,340.0,258.0
agent-4,489,idle,452.0,354.0
agent-4,490,idle,417.0,245.0
agent-4,491,idle,399.0,281.0
agent-4,492,idle,285.0,159.0
agent-4,493,idle,526.0,503.0
agent-4,494,idle,382.0,334.0
agent-4,495,idle,227.0,94.0
agent-4,496,idle,173.0,0.0
agent-4,497,idle,272.0,114.0
agent-4,498,idle,431.0,349.0
agent-4,499,idle,438.0,415.0
agent-4,500,idle,353.0,286.0
